Workbook

Sheet Отчет
A1: Итоговый отчёт | T1: =IFERROR(V1/U1,0) -> 0.500449 | U1: =SUM(U3:U340) -> 4.7421114e+08 | V1: =SUM(V3:V340) -> 2.3731849e+08
A2: Код товара | B2: Наименование русс. | C2: Артикул | D2: Brembo | E2: Группа заказа | F2: Категория NEW | G2: Группа NEW | H2: Подгруппа NEW | I2: Закупочная цена валюта | J2: Закупочная цена | K2: МО Валюта | L2: МО | M2: Разновидность | N2: Продажи(2025) | O2: Остаток | P2: Категория ABC | Q2: СБС | R2: СБС план | S2: Кат. А | T2: ВР 1 | U2: Сумма продажи | V2: Сумма прибыли | W2: Brambo | X2: Откл | AB2: Код | AC2: Отклонение к конк.1, % | AD2: Ratio конк.1, % | AE2: Разница конк.1, руб | AF2: Уровень конк.1 | AG2: Отклонение к конк.2, % | AH2: Ratio конк.2, % | AI2: Разница конк.2, руб | AJ2: Уровень конк.2 | AK2: Среднее отклонение, % | AL2: Макс. разница, руб | AM2: Итоговый уровень (число) | AN2: Итоговый уровень | AO2: Вес продаж К1 | AP2: Вклад продаж К1 | AQ2: Вес остатка К1, руб | AR2: Вклад остатка К1 | AS2: Вес продаж К2 | AT2: Вклад продаж К2 | AU2: Вес остатка К2, руб | AV2: Вклад остатка К2
A3: 130909 | B3: Диск тормозной пер. ADVICS | C3: A6F164B | D3: 09A41711 | E3: Продукция ADVICS | F3: ДЕТАЛИ ТОРМОЗНОЙ СИСТЕМЫ | G3: Тормозные диски | H3: Стандартные тормозные диски | I3: JPY | J3: 1572.8194 | K3: U2JPY | L3: 4859.8036 | M3: (F) TOYOTA CAMRY V40 (06-11), CAMRY V50 (11-17), RAV4 A30 (06-12) | N3: 8665 | O3: 141 | P3: A | Q3: 2210 | R3: 2154.7626 | S3: 4130.833 | T3: 0.48754836 | U3: 35793668 | V3: 17451144 | W3: 3460.75 | X3: =1-(S3/W3) -> -0.19362364 | AB3: =A3 -> 130909 | AC3: =IFERROR(IF(OR(NOT(ISNUMBER(S3)),NOT(ISNUMBER(W3))),"",IF(OR(S3<=0,W3<=0),"",(1-S3/W3)*100)),"") -> -19.362364 | AD3: =IF(AC3="","",(MAX(S3,W3)/MIN(S3,W3)-1)*100) -> 19.362364 | AE3: =IF(AC3="","",ABS(W3-S3)) -> 670.08302 | AF3: =IF(AC3="","",IF(AND(AE3<MAX(Расч!$B$11,S3*Расч!$B$12),IF(AD3<Расч!$B$7,0,IF(AD3<Расч!$B$8,1,IF(AD3<Расч!$B$9,2,IF(AD3<Расч!$B$10,3,4))))>1),1,IF(AD3<Расч!$B$7,0,IF(AD3<Расч!$B$8,1,IF(AD3<Расч!$B$9,2,IF(AD3<Расч!$B$10,3,4)))))) -> 0 | AK3: =IF(AC3="","",AC3) -> -19.362364 | AL3: =IF(AE3="","",AE3) -> 670.08302 | AM3: =IF(AF3="","",AF3) -> 0 | AN3: =IF(AM3="","нет данных",CHOOSE(AM3+1,"Норма","Лёгкое отклонение","Заметный разброс","Выброс","Экстремальный выброс")) -> Норма | AO3: =IF(OR(AC3="",NOT(ISNUMBER(N3))),0,MAX(N3,0)) -> 8665 | AP3: =IF(AC3="",0,AC3*AO3) -> -167774.89 | AQ3: =IF(OR(AC3="",NOT(ISNUMBER(O3))),0,MAX(O3,0)*S3) -> 582447.46 | AR3: =IF(AC3="",0,AC3*AQ3) -> -11277560
A4: 130887 | B4: Диск тормозной зад. ADVICS | C4: A6R135B | D4: 09A96710 | E4: Продукция ADVICS | F4: ДЕТАЛИ ТОРМОЗНОЙ СИСТЕМЫ | G4: Тормозные диски | H4: Стандартные тормозные диски | I4: JPY | J4: 1802.5571 | K4: U2JPY | L4: 5723.2443 | M4: (R) TOYOTA LAND CRUISER J200 (07-), LEXUS LX570 (07-) | N4: 5756 | O4: 397 | P4: A | Q4: 2488 | R4: 2469.5032 | S4: 4864.7577 | T4: 0.50784456 | U4: 28001545 | V4: 14220432 | W4: 0
A5: 1774891 | B5: Диск тормозной пер. ADVICS | C5: A6F828B | E5: Продукция ADVICS | F5: ДЕТАЛИ ТОРМОЗНОЙ СИСТЕМЫ | G5: Тормозные диски | H5: Стандартные тормозные диски | I5: JPY | J5: 1831.2743 | K5: U2JPY | L5: 6012.8557 | M5: (Fr) TOYOTA CAMRY #V7; RAV4 AXA5# | N5: 5287 | O5: 12 | P5: A | Q5: 2606 | R5: 2508.8457 | S5: 5110.9273 | T5: 0.51102521 | U5: 27021473 | V5: 13808654 | W5: 0
A6: 130919 | B6: Диск тормозной пер. ADVICS | C6: A6F159B | D6: 09B63410 | E6: Продукция ADVICS | F6: ДЕТАЛИ ТОРМОЗНОЙ СИСТЕМЫ | G6: Тормозные диски | H6: Стандартные тормозные диски | I6: JPY | J6: 1907.4853 | K6: U2JPY | L6: 6367.2893 | M6: (F) TOYOTA LAND CRUISER PRADO J150 (09-), 4RUNNER N280 (09-), LEXUS GX460 J150 (09-) | N6: 4909 | O6: 379 | P6: A | Q6: 2689 | R6: 2613.2549 | S6: 5412.1959 | T6: 0.53790297 | U6: 26568470 | V6: 14291259 | W6: 0
A7: 156230 | B7: Диск тормозной зад. ADVICS | C7: A6R161B | D7: 09A33421 | E7: Продукция ADVICS | F7: ДЕТАЛИ ТОРМОЗНОЙ СИСТЕМЫ | G7: Тормозные диски | H7: Стандартные тормозные диски | I7: JPY | J7: 1731.3163 | K7: U2JPY | L7: 5174.7548 | M7: (R) TOYOTA LAND CRUISER PRADO J150 (09-) | N7: 4531 | O7: 312 | P7: A | Q7: 2393 | R7: 2371.9033 | S7: 4398.5416 | T7: 0.47162981 | U7: 19929792 | V7: 9399484 | W7: 4467.9 | X7: =1-(S7/W7) -> 0.015523712 | AB7: =A7 -> 156230 | AC7: =IFERROR(IF(OR(NOT(ISNUMBER(S7)),NOT(ISNUMBER(W7))),"",IF(OR(S7<=0,W7<=0),"",(1-S7/W7)*100)),"") -> 1.5523712 | AD7: =IF(AC7="","",(MAX(S7,W7)/MIN(S7,W7)-1)*100) -> 1.5768498 | AE7: =IF(AC7="","",ABS(W7-S7)) -> 69.358394 | AF7: =IF(AC7="","",IF(AND(AE7<MAX(Расч!$B$11,S7*Расч!$B$12),IF(AD7<Расч!$B$7,0,IF(AD7<Расч!$B$8,1,IF(AD7<Расч!$B$9,2,IF(AD7<Расч!$B$10,3,4))))>1),1,IF(AD7<Расч!$B$7,0,IF(AD7<Расч!$B$8,1,IF(AD7<Расч!$B$9,2,IF(AD7<Расч!$B$10,3,4)))))) -> 0 | AK7: =IF(AC7="","",AC7) -> 1.5523712 | AL7: =IF(AE7="","",AE7) -> 69.358394 | AM7: =IF(AF7="","",AF7) -> 0 | AN7: =IF(AM7="","нет данных",CHOOSE(AM7+1,"Норма","Лёгкое отклонение","Заметный разброс","Выброс","Экстремальный выброс")) -> Норма | AO7: =IF(OR(AC7="",NOT(ISNUMBER(N7))),0,MAX(N7,0)) -> 4531 | AP7: =IF(AC7="",0,AC7*AO7) -> 7033.794 | AQ7: =IF(OR(AC7="",NOT(ISNUMBER(O7))),0,MAX(O7,0)*S7) -> 1372345 | AR7: =IF(AC7="",0,AC7*AQ7) -> 2130388.9
A8: 130918 | B8: Диск тормозной пер. ADVICS | C8: A6F153B | D8: 09A96611 | E8: Продукция ADVICS | F8: ДЕТАЛИ ТОРМОЗНОЙ СИСТЕМЫ | G8: Тормозные диски | H8: Стандартные тормозные диски | I8: JPY | J8: 2136.6707 | K8: U2JPY | L8: 6535.8854 | M8: (F) TOYOTA LAND CRUISER J200 (07-15), LEXUS LX570 J200 (07-15) | N8: 3536 | O8: 373 | P8: A | Q8: 2982 | R8: 2927.2389 | S8: 5555.5026 | T8: 0.49141555 | U8: 19644257 | V8: 9653493.4 | W8: 9289.23 | X8: =1-(S8/W8) -> 0.40194154 | AB8: =A8 -> 130918 | AC8: =IFERROR(IF(OR(NOT(ISNUMBER(S8)),NOT(ISNUMBER(W8))),"",IF(OR(S8<=0,W8<=0),"",(1-S8/W8)*100)),"") -> 40.194154 | AD8: =IF(AC8="","",(MAX(S8,W8)/MIN(S8,W8)-1)*100) -> 67.207734 | AE8: =IF(AC8="","",ABS(W8-S8)) -> 3733.7274 | AF8: =IF(AC8="","",IF(AND(AE8<MAX(Расч!$B$11,S8*Расч!$B$12),IF(AD8<Расч!$B$7,0,IF(AD8<Расч!$B$8,1,IF(AD8<Расч!$B$9,2,IF(AD8<Расч!$B$10,3,4))))>1),1,IF(AD8<Расч!$B$7,0,IF(AD8<Расч!$B$8,1,IF(AD8<Расч!$B$9,2,IF(AD8<Расч!$B$10,3,4)))))) -> 3 | AK8: =IF(AC8="","",AC8) -> 40.194154 | AL8: =IF(AE8="","",AE8) -> 3733.7274 | AM8: =IF(AF8="","",AF8) -> 3 | AN8: =IF(AM8="","нет данных",CHOOSE(AM8+1,"Норма","Лёгкое отклонение","Заметный разброс","Выброс","Экстремальный выброс")) -> Выброс | AO8: =IF(OR(AC8="",NOT(ISNUMBER(N8))),0,MAX(N8,0)) -> 3536 | AP8: =IF(AC8="",0,AC8*AO8) -> 142126.53 | AQ8: =IF(OR(AC8="",NOT(ISNUMBER(O8))),0,MAX(O8,0)*S8) -> 2072202.5 | AR8: =IF(AC8="",0,AC8*AQ8) -> 83290425
A9: 170242 | B9: Диск тормозной пер. ADVICS | C9: A6F535B | E9: Продукция ADVICS | F9: ДЕТАЛИ ТОРМОЗНОЙ СИСТЕМЫ | G9: Тормозные диски | H9: Стандартные тормозные диски | I9: JPY | J9: 2246.017 | K9: U2JPY | L9: 6981.7996 | M9: (F) LEXUS LX 450d (15-), TOYOTA LAND CRUISER J200 (15-), TUNDRA UCK60 (07-) | N9: 3507 | O9: 176 | P9: A | Q9: 3083 | R9: 3077.0433 | S9: 5934.5296 | T9: 0.49291702 | U9: 20812395 | V9: 10258784 | W9: 0
A10: 156219 | B10: Диск тормозной зад. ADVICS | C10: A6R208B | D10: 08D41811 | E10: Продукция ADVICS | F10: ДЕТАЛИ ТОРМОЗНОЙ СИСТЕМЫ | G10: Тормозные диски | H10: Стандартные тормозные диски | I10: JPY | J10: 1202.8092 | K10: U2JPY | L10: 4069.1466 | M10: (R) CAMRY #V70 / RAV4 #A50 / LEXUS NX AGZ10 (14-) | N10: 3373 | O10: 157 | P10: A | Q10: 1694 | R10: 1647.8486 | S10: 3458.7746 | T10: 0.53156196 | U10: 11666447 | V10: 6201439.3 | W10: 0
A11: 130913 | B11: Диск тормозной пер. ADVICS | C11: A6F147B | D11: 09C49911 | E11: Продукция ADVICS | F11: ДЕТАЛИ ТОРМОЗНОЙ СИСТЕМЫ | G11: Тормозные диски | H11: Стандартные тормозные диски | I11: JPY | J11: 1995.846 | K11: U2JPY | L11: 5751.0155 | M11: (F) LEXUS RX GGL10 / GGL15 (08-15), TOYOTA HIGHLANDER GSU45 (08-13), HIGHLANDER GSU55 (13-) | N11: 3371 | O11: 111 | P11: A | Q11: 2780 | R11: 2734.309 | S11: 4888.3632 | T11: 0.4462205 | U11: 16478672 | V11: 7353121.4 | W11: 5703.93 | X11: =1-(S11/W11) -> 0.14298331 | AB11: =A11 -> 130913 | AC11: =IFERROR(IF(OR(NOT(ISNUMBER(S11)),NOT(ISNUMBER(W11))),"",IF(OR(S11<=0,W11<=0),"",(1-S11/W11)*100)),"") -> 14.298331 | AD11: =IF(AC11="","",(MAX(S11,W11)/MIN(S11,W11)-1)*100) -> 16.683843 | AE11: =IF(AC11="","",ABS(W11-S11)) -> 815.56681 | AF11: =IF(AC11="","",IF(AND(AE11<MAX(Расч!$B$11,S11*Расч!$B$12),IF(AD11<Расч!$B$7,0,IF(AD11<Расч!$B$8,1,IF(AD11<Расч!$B$9,2,IF(AD11<Расч!$B$10,3,4))))>1),1,IF(AD11<Расч!$B$7,0,IF(AD11<Расч!$B$8,1,IF(AD11<Расч!$B$9,2,IF(AD11<Расч!$B$10,3,4)))))) -> 0 | AK11: =IF(AC11="","",AC11) -> 14.298331 | AL11: =IF(AE11="","",AE11) -> 815.56681 | AM11: =IF(AF11="","",AF11) -> 0 | AN11: =IF(AM11="","нет данных",CHOOSE(AM11+1,"Норма","Лёгкое отклонение","Заметный разброс","Выброс","Экстремальный выброс")) -> Норма | AO11: =IF(OR(AC11="",NOT(ISNUMBER(N11))),0,MAX(N11,0)) -> 3371 | AP11: =IF(AC11="",0,AC11*AO11) -> 48199.675 | AQ11: =IF(OR(AC11="",NOT(ISNUMBER(O11))),0,MAX(O11,0)*S11) -> 542608.31 | AR11: =IF(AC11="",0,AC11*AQ11) -> 7758393.5
A12: 170245 | B12: Диск тормозной пер. ADVICS | C12: A6F540B | E12: Продукция ADVICS | F12: ДЕТАЛИ ТОРМОЗНОЙ СИСТЕМЫ | G12: Тормозные диски | H12: Стандартные тормозные диски | I12: JPY | J12: 2036.7128 | K12: U2JPY | L12: 6142.2605 | M12: (F) LEXUS RX AL20 (15-) | N12: 2625 | O12: 182 | P12: A | Q12: 2809 | R12: 2790.2965 | S12: 5220.9214 | T12: 0.48434117 | U12: 13704919 | V12: 6637856.3 | W12: 0
A13: 156208 | B13: Диск тормозной пер. ADVICS | C13: E6F200B | D13: 09C65411 | E13: Продукция ADVICS | F13: ДЕТАЛИ ТОРМОЗНОЙ СИСТЕМЫ | G13: Тормозные диски | H13: Стандартные тормозные диски | I13: JPY | J13: 1666.1503 | K13: U2JPY | L13: 5302.3105 | M13: (F) MAZDA CX-5 KE (12-17) / MAZDA 6 GJ (12-) | N13: 2420 | O13: 248 | P13: A | Q13: 2383 | R13: 2282.6259 | S13: 4506.9639 | T13: 0.4935602 | U13: 10906853 | V13: 5383188.4 | W13: 4886.82 | X13: =1-(S13/W13) -> 0.077730723 | AB13: =A13 -> 156208 | AC13: =IFERROR(IF(OR(NOT(ISNUMBER(S13)),NOT(ISNUMBER(W13))),"",IF(OR(S13<=0,W13<=0),"",(1-S13/W13)*100)),"") -> 7.7730723 | AD13: =IF(AC13="","",(MAX(S13,W13)/MIN(S13,W13)-1)*100) -> 8.4282026 | AE13: =IF(AC13="","",ABS(W13-S13)) -> 379.85605 | AF13: =IF(AC13="","",IF(AND(AE13<MAX(Расч!$B$11,S13*Расч!$B$12),IF(AD13<Расч!$B$7,0,IF(AD13<Расч!$B$8,1,IF(AD13<Расч!$B$9,2,IF(AD13<Расч!$B$10,3,4))))>1),1,IF(AD13<Расч!$B$7,0,IF(AD13<Расч!$B$8,1,IF(AD13<Расч!$B$9,2,IF(AD13<Расч!$B$10,3,4)))))) -> 0 | AK13: =IF(AC13="","",AC13) -> 7.7730723 | AL13: =IF(AE13="","",AE13) -> 379.85605 | AM13: =IF(AF13="","",AF13) -> 0 | AN13: =IF(AM13="","нет данных",CHOOSE(AM13+1,"Норма","Лёгкое отклонение","Заметный разброс","Выброс","Экстремальный выброс")) -> Норма | AO13: =IF(OR(AC13="",NOT(ISNUMBER(N13))),0,MAX(N13,0)) -> 2420 | AP13: =IF(AC13="",0,AC13*AO13) -> 18810.835 | AQ13: =IF(OR(AC13="",NOT(ISNUMBER(O13))),0,MAX(O13,0)*S13) -> 1117727.1 | AR13: =IF(AC13="",0,AC13*AQ13) -> 8688173.2
A14: 130895 | B14: Диск тормозной зад. ADVICS | C14: A6R180B | D14: 09A33410 | E14: Продукция ADVICS | F14: ДЕТАЛИ ТОРМОЗНОЙ СИСТЕМЫ | G14: Тормозные диски | H14: Стандартные тормозные диски | I14: JPY | J14: 1678.2999 | K14: U2JPY | L14: 5054.082 | M14: (R) TOYOTA LAND CRUISER PRADO J120 (02-09), FJ CRUISER GSJ15 (06-14), LEXUS GX470 J120 (02-09) | N14: 1668 | O14: 186 | P14: A | Q14: 2265 | R14: 2299.2709 | S14: 4295.9697 | T14: 0.49339156 | U14: 7165677.5 | V14: 3535484.8 | W14: 0
A15: 130891 | B15: Диск тормозной зад. ADVICS | C15: A6R083B | E15: Продукция ADVICS | F15: ДЕТАЛИ ТОРМОЗНОЙ СИСТЕМЫ | G15: Тормозные диски | H15: Стандартные тормозные диски | I15: JPY | J15: 1379.5305 | K15: U2JPY | L15: 4388.8919 | M15: (R) TOYOTA CAMRY V40 (06-12), CAMRY V50 (11-17) | N15: 1563 | O15: 161 | P15: A | Q15: 1940 | R15: 1889.9568 | S15: 3730.5581 | T15: 0.50310551 | U15: 5830862.3 | V15: 2933539 | W15: 0
A16: 170263 | B16: Диск тормозной зад. ADVICS | C16: A6R545B | E16: Продукция ADVICS | F16: ДЕТАЛИ ТОРМОЗНОЙ СИСТЕМЫ | G16: Тормозные диски | H16: Стандартные тормозные диски | I16: JPY | J16: 1774.9444 | K16: U2JPY | L16: 5647.7211 | M16: (R) LEXUS RX AL20 (15-) | N16: 1521 | O16: 114 | P16: B | Q16: 2407 | R16: 2431.6738 | S16: 4800.5629 | T16: 0.50904639 | U16: 7301656.2 | V16: 3716881.7 | W16: 0
A17: 130892 | B17: Диск тормозной зад. ADVICS | C17: A6R078B | D17: 08A42910 | E17: Продукция ADVICS | F17: ДЕТАЛИ ТОРМОЗНОЙ СИСТЕМЫ | G17: Тормозные диски | H17: Стандартные тормозные диски | I17: JPY | J17: 1485.011 | K17: U2JPY | L17: 4351.5326 | M17: (R) TOYOTA RAV4 A30 (06-12), RAV4 A40 (12- ) | N17: 1501 | O17: 10 | P17: B | Q17: 2049 | R17: 2034.4651 | S17: 3698.8027 | T17: 0.47728653 | U17: 5551902.9 | V17: 2649848.5 | W17: 2806.54 | X17: =1-(S17/W17) -> -0.31792268 | AB17: =A17 -> 130892 | AC17: =IFERROR(IF(OR(NOT(ISNUMBER(S17)),NOT(ISNUMBER(W17))),"",IF(OR(S17<=0,W17<=0),"",(1-S17/W17)*100)),"") -> -31.792268 | AD17: =IF(AC17="","",(MAX(S17,W17)/MIN(S17,W17)-1)*100) -> 31.792268 | AE17: =IF(AC17="","",ABS(W17-S17)) -> 892.26273 | AF17: =IF(AC17="","",IF(AND(AE17<MAX(Расч!$B$11,S17*Расч!$B$12),IF(AD17<Расч!$B$7,0,IF(AD17<Расч!$B$8,1,IF(AD17<Расч!$B$9,2,IF(AD17<Расч!$B$10,3,4))))>1),1,IF(AD17<Расч!$B$7,0,IF(AD17<Расч!$B$8,1,IF(AD17<Расч!$B$9,2,IF(AD17<Расч!$B$10,3,4)))))) -> 1 | AK17: =IF(AC17="","",AC17) -> -31.792268 | AL17: =IF(AE17="","",AE17) -> 892.26273 | AM17: =IF(AF17="","",AF17) -> 1 | AN17: =IF(AM17="","нет данных",CHOOSE(AM17+1,"Норма","Лёгкое отклонение","Заметный разброс","Выброс","Экстремальный выброс")) -> Лёгкое отклонение | AO17: =IF(OR(AC17="",NOT(ISNUMBER(N17))),0,MAX(N17,0)) -> 1501 | AP17: =IF(AC17="",0,AC17*AO17) -> -47720.195 | AQ17: =IF(OR(AC17="",NOT(ISNUMBER(O17))),0,MAX(O17,0)*S17) -> 36988.027 | AR17: =IF(AC17="",0,AC17*AQ17) -> -1175933.3
A18: 130916 | B18: Диск тормозной пер. ADVICS | C18: A6F182B | D18: 09A20411 | E18: Продукция ADVICS | F18: ДЕТАЛИ ТОРМОЗНОЙ СИСТЕМЫ | G18: Тормозные диски | H18: Стандартные тормозные диски | I18: JPY | J18: 1872.1411 | K18: U2JPY | L18: 5939.9178 | M18: (F) TOYOTA LAND CRUISER PRADO J120 (02-09), LEXUS GX470 J120 (02-09) | N18: 1421 | O18: 188 | P18: B | Q18: 2637 | R18: 2564.8333 | S18: 5048.9301 | T18: 0.4989131 | U18: 7174529.7 | V18: 3579466.8 | W18: 4603.31 | X18: =1-(S18/W18) -> -0.096804283 | AB18: =A18 -> 130916 | AC18: =IFERROR(IF(OR(NOT(ISNUMBER(S18)),NOT(ISNUMBER(W18))),"",IF(OR(S18<=0,W18<=0),"",(1-S18/W18)*100)),"") -> -9.6804283 | AD18: =IF(AC18="","",(MAX(S18,W18)/MIN(S18,W18)-1)*100) -> 9.6804283 | AE18: =IF(AC18="","",ABS(W18-S18)) -> 445.62012 | AF18: =IF(AC18="","",IF(AND(AE18<MAX(Расч!$B$11,S18*Расч!$B$12),IF(AD18<Расч!$B$7,0,IF(AD18<Расч!$B$8,1,IF(AD18<Расч!$B$9,2,IF(AD18<Расч!$B$10,3,4))))>1),1,IF(AD18<Расч!$B$7,0,IF(AD18<Расч!$B$8,1,IF(AD18<Расч!$B$9,2,IF(AD18<Расч!$B$10,3,4)))))) -> 0 | AK18: =IF(AC18="","",AC18) -> -9.6804283 | AL18: =IF(AE18="","",AE18) -> 445.62012 | AM18: =IF(AF18="","",AF18) -> 0 | AN18: =IF(AM18="","нет данных",CHOOSE(AM18+1,"Норма","Лёгкое отклонение","Заметный разброс","Выброс","Экстремальный выброс")) -> Норма | AO18: =IF(OR(AC18="",NOT(ISNUMBER(N18))),0,MAX(N18,0)) -> 1421 | AP18: =IF(AC18="",0,AC18*AO18) -> -13755.889 | AQ18: =IF(OR(AC18="",NOT(ISNUMBER(O18))),0,MAX(O18,0)*S18) -> 949198.86 | AR18: =IF(AC18="",0,AC18*AQ18) -> -9188651.6
A19: 163783 | B19: Диск тормозной пер. ADVICS | C19: D6F141B | D19: 09A63721 | E19: Продукция ADVICS | F19: ДЕТАЛИ ТОРМОЗНОЙ СИСТЕМЫ | G19: Тормозные диски | H19: Стандартные тормозные диски | I19: JPY | J19: 1504.8921 | K19: U2JPY | L19: 5300.3929 | M19: (F) MITSUBISHI ASX GA4W (10-) | N19: 1131 | O19: 94 | P19: B | Q19: 2138 | R19: 2061.7022 | S19: 4505.334 | T19: 0.54536168 | U19: 5095532.7 | V19: 2778908.3 | W19: 0
A20: 156213 | B20: Диск тормозной пер. ADVICS | C20: F6F125B | D20: 9907711 | E20: Продукция ADVICS | F20: ДЕТАЛИ ТОРМОЗНОЙ СИСТЕМЫ | G20: Тормозные диски | H20: Стандартные тормозные диски | I20: JPY | J20: 1570.0581 | K20: U2JPY | L20: 4911.3737 | M20: (F) SUBARU FORESTER SJ (12-) | N20: 1011 | O20: 87 | P20: B | Q20: 2255 | R20: 2150.9796 | S20: 4174.6677 | T20: 0.48035082 | U20: 4220589 | V20: 2027363.4 | W20: 0
A21: 170244 | B21: Диск тормозной пер. ADVICS | C21: A6F537B | E21: Продукция ADVICS | F21: ДЕТАЛИ ТОРМОЗНОЙ СИСТЕМЫ | G21: Тормозные диски | H21: Стандартные тормозные диски | I21: JPY | J21: 2232.7629 | K21: U2JPY | L21: 8051.6238 | M21: (F) LEXUS RX 450h GYL15L (12-15) | N21: 980 | O21: 30 | P21: B | Q21: 3075 | R21: 3058.8852 | S21: 6843.8802 | T21: 0.57135532 | U21: 6707002.6 | V21: 3832081.6 | W21: 0
A22: 156215 | B22: Диск тормозной пер. ADVICS | C22: A6F127B | D22: 09A86414 | E22: Продукция ADVICS | F22: ДЕТАЛИ ТОРМОЗНОЙ СИСТЕМЫ | G22: Тормозные диски | H22: Стандартные тормозные диски | I22: JPY | J22: 1530.8481 | K22: U2JPY | L22: 4923.667 | M22: (F) TOYOTA COROLLA E150 (06-12) | N22: 952 | O22: 38 | P22: B | Q22: 2193 | R22: 2097.2619 | S22: 4185.117 | T22: 0.51310133 | U22: 3984231.3 | V22: 2044314.4 | W22: 0
A23: 163776 | B23: Диск тормозной пер. ADVICS | C23: A6F227B | D23: 09B62711 | E23: Продукция ADVICS | F23: ДЕТАЛИ ТОРМОЗНОЙ СИСТЕМЫ | G23: Тормозные диски | H23: Стандартные тормозные диски | I23: JPY | J23: 1738.4956 | K23: U2JPY | L23: 5618.7514 | M23: (F) TOYOTA HILUX GUN126L (15-) | N23: 824 | O23: 28 | P23: B | Q23: 2433 | R23: 2381.739 | S23: 4775.9387 | T23: 0.51161714 | U23: 3935373.5 | V23: 2013404.5 | W23: 0
A24: 156209 | B24: Диск тормозной пер. ADVICS | C24: B6F207B | E24: Продукция ADVICS | F24: ДЕТАЛИ ТОРМОЗНОЙ СИСТЕМЫ | G24: Тормозные диски | H24: Стандартные тормозные диски | I24: JPY | J24: 1871.0366 | K24: U2JPY | L24: 6024.2415 | M24: (F) NISSAN MURANO Z52R (15-), PATHFINDER R52R (14-) | N24: 768 | O24: 41 | P24: B | Q24: 2711 | R24: 2563.3201 | S24: 5120.6053 | T24: 0.49338765 | U24: 3932624.9 | V24: 1940308.6 | W24: 0
A25: 163780 | B25: Диск тормозной пер. ADVICS | C25: A6F115B | D25: 09A10911 | E25: Продукция ADVICS | F25: ДЕТАЛИ ТОРМОЗНОЙ СИСТЕМЫ | G25: Тормозные диски | H25: Стандартные тормозные диски | I25: JPY | J25: 1878.2159 | K25: U2JPY | L25: 5930.2441 | M25: (F) LEXUS RX 350 GSU35L (03-08), TOYOTA HARRER XU30 (03-12) | N25: 736 | O25: 171 | P25: B | Q25: 2766 | R25: 2573.1557 | S25: 5040.7075 | T25: 0.472948 | U25: 3709960.7 | V25: 1754618.5 | W25: 0
A26: 130894 | B26: Диск тормозной зад. ADVICS | C26: A6R094B | E26: Продукция ADVICS | F26: ДЕТАЛИ ТОРМОЗНОЙ СИСТЕМЫ | G26: Тормозные диски | H26: Стандартные тормозные диски | I26: JPY | J26: 1758.3767 | K26: U2JPY | L26: 5644.0571 | M26: (R) LEXUS RX GGL10 / GGL15 (08-15), TOYOTA HIGHLANDER GSU45 (08-13), HIGHLANDER GSU55 (13-) | N26: 730 | O26: 29 | P26: B | Q26: 2465 | R26: 2408.9761 | S26: 4797.4485 | T26: 0.50873886 | U26: 3502137.4 | V26: 1781673.4 | W26: 0
A27: 130930 | B27: Диск тормозной пер. ADVICS | C27: C6F129B | D27: 09A86610 | E27: Продукция ADVICS | F27: ДЕТАЛИ ТОРМОЗНОЙ СИСТЕМЫ | G27: Тормозные диски | H27: Стандартные тормозные диски | I27: JPY | J27: 1731.3163 | K27: U2JPY | L27: 5618.7514 | M27: (F) HONDA CR-V RE (06-11), CR-V RM (11-16), CROSSTOUR TF (09-15) | N27: 701 | O27: 45 | P27: B | Q27: 2502 | R27: 2371.9033 | S27: 4775.9387 | T27: 0.49834611 | U27: 3347933 | V27: 1668429.4 | W27: 4749.2 | X27: =1-(S27/W27) -> -0.0056301432 | AB27: =A27 -> 130930 | AC27: =IFERROR(IF(OR(NOT(ISNUMBER(S27)),NOT(ISNUMBER(W27))),"",IF(OR(S27<=0,W27<=0),"",(1-S27/W27)*100)),"") -> -0.56301432 | AD27: =IF(AC27="","",(MAX(S27,W27)/MIN(S27,W27)-1)*100) -> 0.56301432 | AE27: =IF(AC27="","",ABS(W27-S27)) -> 26.738676 | AF27: =IF(AC27="","",IF(AND(AE27<MAX(Расч!$B$11,S27*Расч!$B$12),IF(AD27<Расч!$B$7,0,IF(AD27<Расч!$B$8,1,IF(AD27<Расч!$B$9,2,IF(AD27<Расч!$B$10,3,4))))>1),1,IF(AD27<Расч!$B$7,0,IF(AD27<Расч!$B$8,1,IF(AD27<Расч!$B$9,2,IF(AD27<Расч!$B$10,3,4)))))) -> 0 | AK27: =IF(AC27="","",AC27) -> -0.56301432 | AL27: =IF(AE27="","",AE27) -> 26.738676 | AM27: =IF(AF27="","",AF27) -> 0 | AN27: =IF(AM27="","нет данных",CHOOSE(AM27+1,"Норма","Лёгкое отклонение","Заметный разброс","Выброс","Экстремальный выброс")) -> Норма | AO27: =IF(OR(AC27="",NOT(ISNUMBER(N27))),0,MAX(N27,0)) -> 701 | AP27: =IF(AC27="",0,AC27*AO27) -> -394.67304 | AQ27: =IF(OR(AC27="",NOT(ISNUMBER(O27))),0,MAX(O27,0)*S27) -> 214917.24 | AR27: =IF(AC27="",0,AC27*AQ27) -> -121001.48
A28: 130876 | B28: Диск тормозной пер. ADVICS | C28: B6F162B | D28: 09A71611 | E28: Продукция ADVICS | F28: ДЕТАЛИ ТОРМОЗНОЙ СИСТЕМЫ | G28: Тормозные диски | H28: Стандартные тормозные диски | I28: JPY | J28: 1372.3512 | K28: U2JPY | L28: 4866.5152 | M28: (F) NISSAN QASHQAI / DUALIS J10 (07-13), X-TRAIL T31 (07-13), JUKE F15 (10-) | N28: 700 | O28: 29 | P28: B | Q28: 1957 | R28: 1880.1211 | S28: 4136.5379 | T28: 0.54937712 | U28: 2895576.5 | V28: 1590763.5 | W28: 3988.3 | X28: =1-(S28/W28) -> -0.037168198 | AB28: =A28 -> 130876 | AC28: =IFERROR(IF(OR(NOT(ISNUMBER(S28)),NOT(ISNUMBER(W28))),"",IF(OR(S28<=0,W28<=0),"",(1-S28/W28)*100)),"") -> -3.7168198 | AD28: =IF(AC28="","",(MAX(S28,W28)/MIN(S28,W28)-1)*100) -> 3.7168198 | AE28: =IF(AC28="","",ABS(W28-S28)) -> 148.23792 | AF28: =IF(AC28="","",IF(AND(AE28<MAX(Расч!$B$11,S28*Расч!$B$12),IF(AD28<Расч!$B$7,0,IF(AD28<Расч!$B$8,1,IF(AD28<Расч!$B$9,2,IF(AD28<Расч!$B$10,3,4))))>1),1,IF(AD28<Расч!$B$7,0,IF(AD28<Расч!$B$8,1,IF(AD28<Расч!$B$9,2,IF(AD28<Расч!$B$10,3,4)))))) -> 0 | AK28: =IF(AC28="","",AC28) -> -3.7168198 | AL28: =IF(AE28="","",AE28) -> 148.23792 | AM28: =IF(AF28="","",AF28) -> 0 | AN28: =IF(AM28="","нет данных",CHOOSE(AM28+1,"Норма","Лёгкое отклонение","Заметный разброс","Выброс","Экстремальный выброс")) -> Норма | AO28: =IF(OR(AC28="",NOT(ISNUMBER(N28))),0,MAX(N28,0)) -> 700 | AP28: =IF(AC28="",0,AC28*AO28) -> -2601.7739 | AQ28: =IF(OR(AC28="",NOT(ISNUMBER(O28))),0,MAX(O28,0)*S28) -> 119959.6 | AR28: =IF(AC28="",0,AC28*AQ28) -> -445868.22
A29: 130890 | B29: Диск тормозной зад. ADVICS | C29: A6R113B | D29: 09C93011 | E29: Продукция ADVICS | F29: ДЕТАЛИ ТОРМОЗНОЙ СИСТЕМЫ | G29: Тормозные диски | H29: Стандартные тормозные диски | I29: JPY | J29: 1537.4751 | K29: U2JPY | L29: 5676.6908 | M29: (R) LEXUS GS S190 (05-12), TOYOTA MARK X X120 (03-09), MARK X X130 (09-) | N29: 681 | O29: 55 | P29: B | Q29: 2169 | R29: 2106.3409 | S29: 4825.1872 | T29: 0.57009197 | U29: 3285952.5 | V29: 1873295.1 | W29: 4460.13 | X29: =1-(S29/W29) -> -0.081848995 | AB29: =A29 -> 130890 | AC29: =IFERROR(IF(OR(NOT(ISNUMBER(S29)),NOT(ISNUMBER(W29))),"",IF(OR(S29<=0,W29<=0),"",(1-S29/W29)*100)),"") -> -8.1848995 | AD29: =IF(AC29="","",(MAX(S29,W29)/MIN(S29,W29)-1)*100) -> 8.1848995 | AE29: =IF(AC29="","",ABS(W29-S29)) -> 365.05716 | AF29: =IF(AC29="","",IF(AND(AE29<MAX(Расч!$B$11,S29*Расч!$B$12),IF(AD29<Расч!$B$7,0,IF(AD29<Расч!$B$8,1,IF(AD29<Расч!$B$9,2,IF(AD29<Расч!$B$10,3,4))))>1),1,IF(AD29<Расч!$B$7,0,IF(AD29<Расч!$B$8,1,IF(AD29<Расч!$B$9,2,IF(AD29<Расч!$B$10,3,4)))))) -> 0 | AK29: =IF(AC29="","",AC29) -> -8.1848995 | AL29: =IF(AE29="","",AE29) -> 365.05716 | AM29: =IF(AF29="","",AF29) -> 0 | AN29: =IF(AM29="","нет данных",CHOOSE(AM29+1,"Норма","Лёгкое отклонение","Заметный разброс","Выброс","Экстремальный выброс")) -> Норма | AO29: =IF(OR(AC29="",NOT(ISNUMBER(N29))),0,MAX(N29,0)) -> 681 | AP29: =IF(AC29="",0,AC29*AO29) -> -5573.9166 | AQ29: =IF(OR(AC29="",NOT(ISNUMBER(O29))),0,MAX(O29,0)*S29) -> 265385.29 | AR29: =IF(AC29="",0,AC29*AQ29) -> -2172152
A30: 156211 | B30: Диск тормозной пер. ADVICS | C30: B6F194B | D30: 09C54511 | E30: Продукция ADVICS | F30: ДЕТАЛИ ТОРМОЗНОЙ СИСТЕМЫ | G30: Тормозные диски | H30: Стандартные тормозные диски | I30: JPY | J30: 1841.2148 | K30: U2JPY | L30: 5910.2804 | M30: (F) NISSAN QASHQAI J11E (13-), X-TRAIL T32R (14-) | N30: 665 | O30: 63 | P30: B | Q30: 2602 | R30: 2522.4643 | S30: 5023.7383 | T30: 0.51264902 | U30: 3340786 | V30: 1712650.6 | W30: 4790.9 | X30: =1-(S30/W30) -> -0.048600117 | AB30: =A30 -> 156211 | AC30: =IFERROR(IF(OR(NOT(ISNUMBER(S30)),NOT(ISNUMBER(W30))),"",IF(OR(S30<=0,W30<=0),"",(1-S30/W30)*100)),"") -> -4.8600117 | AD30: =IF(AC30="","",(MAX(S30,W30)/MIN(S30,W30)-1)*100) -> 4.8600117 | AE30: =IF(AC30="","",ABS(W30-S30)) -> 232.8383 | AF30: =IF(AC30="","",IF(AND(AE30<MAX(Расч!$B$11,S30*Расч!$B$12),IF(AD30<Расч!$B$7,0,IF(AD30<Расч!$B$8,1,IF(AD30<Расч!$B$9,2,IF(AD30<Расч!$B$10,3,4))))>1),1,IF(AD30<Расч!$B$7,0,IF(AD30<Расч!$B$8,1,IF(AD30<Расч!$B$9,2,IF(AD30<Расч!$B$10,3,4)))))) -> 0 | AK30: =IF(AC30="","",AC30) -> -4.8600117 | AL30: =IF(AE30="","",AE30) -> 232.8383 | AM30: =IF(AF30="","",AF30) -> 0 | AN30: =IF(AM30="","нет данных",CHOOSE(AM30+1,"Норма","Лёгкое отклонение","Заметный разброс","Выброс","Экстремальный выброс")) -> Норма | AO30: =IF(OR(AC30="",NOT(ISNUMBER(N30))),0,MAX(N30,0)) -> 665 | AP30: =IF(AC30="",0,AC30*AO30) -> -3231.9078 | AQ30: =IF(OR(AC30="",NOT(ISNUMBER(O30))),0,MAX(O30,0)*S30) -> 316495.51 | AR30: =IF(AC30="",0,AC30*AQ30) -> -1538171.9
A31: 156214 | B31: Диск тормозной пер. ADVICS | C31: A6F143B | D31: 09C71011 | E31: Продукция ADVICS | F31: ДЕТАЛИ ТОРМОЗНОЙ СИСТЕМЫ | G31: Тормозные диски | H31: Стандартные тормозные диски | I31: JPY | J31: 1768.3173 | K31: U2JPY | L31: 5675.8518 | M31: (F) TOYOTA ALPHARD GGH20 (08-15) | N31: 655 | O31: 18 | P31: B | Q31: 2418 | R31: 2422.5947 | S31: 4824.474 | T31: 0.52501155 | U31: 3160030.5 | V31: 1659052.5 | W31: 4939.4 | X31: =1-(S31/W31) -> 0.023267189 | AB31: =A31 -> 156214 | AC31: =IFERROR(IF(OR(NOT(ISNUMBER(S31)),NOT(ISNUMBER(W31))),"",IF(OR(S31<=0,W31<=0),"",(1-S31/W31)*100)),"") -> 2.3267189 | AD31: =IF(AC31="","",(MAX(S31,W31)/MIN(S31,W31)-1)*100) -> 2.3821447 | AE31: =IF(AC31="","",ABS(W31-S31)) -> 114.92595 | AF31: =IF(AC31="","",IF(AND(AE31<MAX(Расч!$B$11,S31*Расч!$B$12),IF(AD31<Расч!$B$7,0,IF(AD31<Расч!$B$8,1,IF(AD31<Расч!$B$9,2,IF(AD31<Расч!$B$10,3,4))))>1),1,IF(AD31<Расч!$B$7,0,IF(AD31<Расч!$B$8,1,IF(AD31<Расч!$B$9,2,IF(AD31<Расч!$B$10,3,4)))))) -> 0 | AK31: =IF(AC31="","",AC31) -> 2.3267189 | AL31: =IF(AE31="","",AE31) -> 114.92595 | AM31: =IF(AF31="","",AF31) -> 0 | AN31: =IF(AM31="","нет данных",CHOOSE(AM31+1,"Норма","Лёгкое отклонение","Заметный разброс","Выброс","Экстремальный выброс")) -> Норма | AO31: =IF(OR(AC31="",NOT(ISNUMBER(N31))),0,MAX(N31,0)) -> 655 | AP31: =IF(AC31="",0,AC31*AO31) -> 1524.0009 | AQ31: =IF(OR(AC31="",NOT(ISNUMBER(O31))),0,MAX(O31,0)*S31) -> 86840.533 | AR31: =IF(AC31="",0,AC31*AQ31) -> 202053.51
A32: 130896 | B32: Диск тормозной зад. ADVICS | C32: A6R173B | D32: 9908610 | E32: Продукция ADVICS | F32: ДЕТАЛИ ТОРМОЗНОЙ СИСТЕМЫ | G32: Тормозные диски | H32: Стандартные тормозные диски | I32: JPY | J32: 1660.0755 | K32: U2JPY | L32: 5870.3186 | M32: (R) TOYOTA LAND CRUISER J100 (98-07), LEXUS LX470 J100 (98-07) | N32: 653 | O32: 104 | P32: B | Q32: 2376 | R32: 2274.3035 | S32: 4989.7708 | T32: 0.54196104 | U32: 3258320.3 | V32: 1765882.7 | W32: 0
A33: 163777 | B33: Диск тормозной пер. ADVICS | C33: A6F228B | E33: Продукция ADVICS | F33: ДЕТАЛИ ТОРМОЗНОЙ СИСТЕМЫ | G33: Тормозные диски | H33: Стандартные тормозные диски | I33: JPY | J33: 1835.14 | K33: U2JPY | L33: 5890.4365 | M33: (F) TOYOTA VENZA AGV15L / GGV15L (08-16) | N33: 643 | O33: 88 | P33: B | Q33: 2715 | R33: 2514.1419 | S33: 5006.871 | T33: 0.48008078 | U33: 3219418 | V33: 1545580.7 | W33: 0
A34: 170259 | B34: Диск тормозной пер. ADVICS правый | C34: A6F543B | E34: Продукция ADVICS | F34: ДЕТАЛИ ТОРМОЗНОЙ СИСТЕМЫ | G34: Тормозные диски | H34: Стандартные тормозные диски | I34: JPY | J34: 2246.017 | K34: U2JPY | L34: 7209.5507 | M34: (FR) LEXUS GS 350 GRS196L (05-11) | N34: 613 | O34: 16 | P34: B | Q34: 3094 | R34: 3077.0433 | S34: 6128.1181 | T34: 0.51349737 | U34: 3756536.4 | V34: 1928971.6 | W34: 0
A35: 170264 | B35: Диск тормозной зад. ADVICS | C35: A6R538B | E35: Продукция ADVICS | F35: ДЕТАЛИ ТОРМОЗНОЙ СИСТЕМЫ | G35: Тормозные диски | H35: Стандартные тормозные диски | I35: JPY | J35: 1664.4936 | K35: U2JPY | L35: 5344.0872 | M35: (R) LEXUS RX GGL15L / GYL15L (12-15) | N35: 609 | O35: 30 | P35: B | Q35: 2296 | R35: 2280.3562 | S35: 4542.4741 | T35: 0.51421077 | U35: 2766366.7 | V35: 1422495.6 | W35: 0
A36: 156228 | B36: Диск тормозной зад. ADVICS | C36: A6R081B | D36: 08A53420 | E36: Продукция ADVICS | F36: ДЕТАЛИ ТОРМОЗНОЙ СИСТЕМЫ | G36: Тормозные диски | H36: Стандартные тормозные диски | I36: JPY | J36: 1202.8092 | K36: U2JPY | L36: 3864.0302 | M36: (R) TOYOTA COROLLA E150 (06-12) | N36: 593 | O36: 19 | P36: B | Q36: 1719 | R36: 1647.8486 | S36: 3284.4256 | T36: 0.50013901 | U36: 1947664.4 | V36: 974102.95 | W36: 0
A37: 1714636 | B37: Диск тормозной зад. ADVICS | C37: A6R598B | E37: Продукция ADVICS | F37: ДЕТАЛИ ТОРМОЗНОЙ СИСТЕМЫ | G37: Тормозные диски | H37: Стандартные тормозные диски | I37: JPY | J37: 1531.4003 | K37: U2JPY | L37: 4916.9382 | M37: (R) HIGHLANDER XU40 2007-2013 | N37: 589 | O37: 50 | P37: B | Q37: 2205 | R37: 2098.0185 | S37: 4179.3975 | T37: 0.49468122 | U37: 2461665.1 | V37: 1217739.5 | W37: 0
A38: 130873 | B38: Диск тормозной пер. ADVICS | C38: F6F126B | D38: 09A87011 | E38: Продукция ADVICS | F38: ДЕТАЛИ ТОРМОЗНОЙ СИСТЕМЫ | G38: Тормозные диски | H38: Стандартные тормозные диски | I38: JPY | J38: 1767.7651 | K38: U2JPY | L38: 5673.8828 | M38: (F) SUBARU LEGACY BL / BP (03-09) | N38: 576 | O38: 8 | P38: B | Q38: 2473 | R38: 2421.8381 | S38: 4822.8004 | T38: 0.50407799 | U38: 2777933 | V38: 1400294.9 | W38: 0
A39: 174293 | B39: Диск тормозной пер. ADVICS левый | C39: A6F544B | E39: Продукция ADVICS | F39: ДЕТАЛИ ТОРМОЗНОЙ СИСТЕМЫ | G39: Тормозные диски | H39: Стандартные тормозные диски | I39: JPY | J39: 2246.017 | K39: U2JPY | L39: 7209.5507 | M39: (FL) LEXUS GS 350 GRS196L (05-11) | N39: 573 | O39: 33 | P39: B | Q39: 3097 | R39: 3077.0433 | S39: 6128.1181 | T39: 0.51524246 | U39: 3511411.7 | V39: 1809228.4 | W39: 0
A40: 1752051 | B40: Диск тормозной пер. ADVICS | C40: A6F256B | E40: Продукция ADVICS | F40: ДЕТАЛИ ТОРМОЗНОЙ СИСТЕМЫ | G40: Тормозные диски | H40: Стандартные тормозные диски | I40: JPY | J40: 1306.0807 | K40: U2JPY | L40: 4411.3383 | M40: (F) TOYOTA COROLLA 140, 160 (07-12), VITZ 90, 130 (05-14), RACTIS 100 (06-08) BELTA 90 (06-09), PASSO SETTE (09-12), PORTE (12-), SPADE (12-) | N40: 517 | O40: 208 | P40: B | Q40: 1861 | R40: 1789.3306 | S40: 3749.6375 | T40: 0.52540457 | U40: 1938562.6 | V40: 1018529.7 | W40: 0
A41: 163778 | B41: Диск тормозной пер. ADVICS | C41: A6F234B | D41: 9722610 | E41: Продукция ADVICS | F41: ДЕТАЛИ ТОРМОЗНОЙ СИСТЕМЫ | G41: Тормозные диски | H41: Стандартные тормозные диски | I41: JPY | J41: 1587.178 | K41: U2JPY | L41: 5097.4509 | M41: (F) TOYOTA LAND CRUISER PRADO J90 (96-02) | N41: 513 | O41: 162 | P41: B | Q41: 2148 | R41: 2174.4339 | S41: 4332.8333 | T41: 0.52398711 | U41: 2222743.5 | V41: 1164688.9 | W41: 0
A42: 1752061 | B42: Диск тормозной зад. ADVICS | C42: D6R781B | E42: Продукция ADVICS | F42: ДЕТАЛИ ТОРМОЗНОЙ СИСТЕМЫ | G42: Тормозные диски | H42: Стандартные тормозные диски | I42: JPY | J42: 1430.3379 | K42: U2JPY | L42: 4499.326 | M42: (R) MITSUBISHI OUTLANDER GF2W 2012- | N42: 510 | O42: 11 | P42: B | Q42: 1977 | R42: 1959.5629 | S42: 3824.4271 | T42: 0.50267628 | U42: 1950457.8 | V42: 980448.88 | W42: 0
A43: 130932 | B43: Диск тормозной пер. ADVICS | C43: D6F138B | D43: 9999610 | E43: Продукция ADVICS | F43: ДЕТАЛИ ТОРМОЗНОЙ СИСТЕМЫ | G43: Тормозные диски | H43: Стандартные тормозные диски | I43: JPY | J43: 1615.8952 | K43: U2JPY | L43: 5288.579 | M43: (F) MITSUBISHI PAJERO V60 / V70 (00-06), PAJERO V80 / V90 (06-) | N43: 503 | O43: 109 | P43: B | Q43: 2326 | R43: 2213.7764 | S43: 4495.2922 | T43: 0.50491142 | U43: 2261132 | V43: 1141671.3 | W43: 0
A44: 130917 | B44: Диск тормозной пер. ADVICS | C44: A6F106B | D44: 9914311 | E44: Продукция ADVICS | F44: ДЕТАЛИ ТОРМОЗНОЙ СИСТЕМЫ | G44: Тормозные диски | H44: Стандартные тормозные диски | I44: JPY | J44: 1987.0099 | K44: U2JPY | L44: 6379.1374 | M44: (F) TOYOTA LAND CRUISER J100 (98-07), LEXUS LX470 (98-07) | N44: 493 | O44: 10 | P44: B | Q44: 2805 | R44: 2722.2036 | S44: 5422.2668 | T44: 0.50362285 | U44: 2673177.5 | V44: 1346273.3 | W44: 0
A45: 156221 | B45: Диск тормозной зад. ADVICS | C45: E6R201B | E45: Продукция ADVICS | F45: ДЕТАЛИ ТОРМОЗНОЙ СИСТЕМЫ | G45: Тормозные диски | H45: Стандартные тормозные диски | I45: JPY | J45: 1452.428 | K45: U2JPY | L45: 4662.6487 | M45: (R) MAZDA CX-5 KE (12-17) | N45: 488 | O45: 13 | P45: B | Q45: 2122 | R45: 1989.8264 | S45: 3963.2514 | T45: 0.48741604 | U45: 1934066.7 | V45: 942695.11 | W45: 0
A46: 130871 | B46: Диск тормозной пер. ADVICS | C46: F6F171B | D46: 9567421 | E46: Продукция ADVICS | F46: ДЕТАЛИ ТОРМОЗНОЙ СИСТЕМЫ | G46: Тормозные диски | H46: Стандартные тормозные диски | I46: JPY | J46: 1529.1913 | K46: U2JPY | L46: 4907.0077 | M46: (F) SUBARU FORESTER SH (07-12) | N46: 471 | O46: 114 | P46: B | Q46: 2221 | R46: 2094.9921 | S46: 4170.9566 | T46: 0.49224389 | U46: 1964520.5 | V46: 967023.24 | W46: 0
A47: 130925 | B47: Диск тормозной пер. ADVICS | C47: C6F110B | D47: 09A45514 | E47: Продукция ADVICS | F47: ДЕТАЛИ ТОРМОЗНОЙ СИСТЕМЫ | G47: Тормозные диски | H47: Стандартные тормозные диски | I47: JPY | J47: 1379.5305 | K47: U2JPY | L47: 4430.2234 | M47: (F) HONDA CIVIC FN / FK (06-12), EDIX BE (04-09) | N47: 467 | O47: 1 | P47: B | Q47: 1865 | R47: 1889.9568 | S47: 3765.6899 | T47: 0.52756421 | U47: 1758577.2 | V47: 927762.37 | W47: 3603 | X47: =1-(S47/W47) -> -0.045153998 | Z47: \ | AB47: =A47 -> 130925 | AC47: =IFERROR(IF(OR(NOT(ISNUMBER(S47)),NOT(ISNUMBER(W47))),"",IF(OR(S47<=0,W47<=0),"",(1-S47/W47)*100)),"") -> -4.5153998 | AD47: =IF(AC47="","",(MAX(S47,W47)/MIN(S47,W47)-1)*100) -> 4.5153998 | AE47: =IF(AC47="","",ABS(W47-S47)) -> 162.68986 | AF47: =IF(AC47="","",IF(AND(AE47<MAX(Расч!$B$11,S47*Расч!$B$12),IF(AD47<Расч!$B$7,0,IF(AD47<Расч!$B$8,1,IF(AD47<Расч!$B$9,2,IF(AD47<Расч!$B$10,3,4))))>1),1,IF(AD47<Расч!$B$7,0,IF(AD47<Расч!$B$8,1,IF(AD47<Расч!$B$9,2,IF(AD47<Расч!$B$10,3,4)))))) -> 0 | AK47: =IF(AC47="","",AC47) -> -4.5153998 | AL47: =IF(AE47="","",AE47) -> 162.68986 | AM47: =IF(AF47="","",AF47) -> 0 | AN47: =IF(AM47="","нет данных",CHOOSE(AM47+1,"Норма","Лёгкое отклонение","Заметный разброс","Выброс","Экстремальный выброс")) -> Норма | AO47: =IF(OR(AC47="",NOT(ISNUMBER(N47))),0,MAX(N47,0)) -> 467 | AP47: =IF(AC47="",0,AC47*AO47) -> -2108.6917 | AQ47: =IF(OR(AC47="",NOT(ISNUMBER(O47))),0,MAX(O47,0)*S47) -> 3765.6899 | AR47: =IF(AC47="",0,AC47*AQ47) -> -17003.595
A48: 1714643 | B48: Диск тормозной зад. ADVICS | C48: A6R603B | E48: Продукция ADVICS | F48: ДЕТАЛИ ТОРМОЗНОЙ СИСТЕМЫ | G48: Тормозные диски | H48: Стандартные тормозные диски | I48: JPY | J48: 1449.1145 | K48: U2JPY | L48: 4652.7524 | M48: (R) VENZA AGL15L 2008-2015 | N48: 437 | O48: 8 | P48: B | Q48: 1961 | R48: 1985.2869 | S48: 3954.8395 | T48: 0.5257946 | U48: 1728264.9 | V48: 908712.35 | W48: 0
A49: 130893 | B49: Диск тормозной зад. ADVICS | C49: A6R077B | D49: 08A11110 | E49: Продукция ADVICS | F49: ДЕТАЛИ ТОРМОЗНОЙ СИСТЕМЫ | G49: Тормозные диски | H49: Стандартные тормозные диски | I49: JPY | J49: 1440.8307 | K49: U2JPY | L49: 4626.916 | M49: (R) TOYOTA HARRIER U30 (03-13), LEXUS RX U30 (03-08) | N49: 420 | O49: 48 | P49: B | Q49: 2038 | R49: 1973.938 | S49: 3932.8786 | T49: 0.50473785 | U49: 1651809 | V49: 833730.52 | W49: 0
A50: 130908 | B50: Диск тормозной пер. ADVICS | C50: A6F122B | D50: 09A71711 | E50: Продукция ADVICS | F50: ДЕТАЛИ ТОРМОЗНОЙ СИСТЕМЫ | G50: Тормозные диски | H50: Стандартные тормозные диски | I50: JPY | J50: 1459.0551 | K50: U2JPY | L50: 5223.5513 | M50: (F) LEXUS IS XE20 (05-13), TOYOTA CROWN S180 (03-08) | N50: 400 | O50: 47 | P50: B | Q50: 2149 | R50: 1998.9054 | S50: 4440.0186 | T50: 0.5374335 | U50: 1776007.4 | V50: 954485.89 | W50: 4447.9 | X50: =1-(S50/W50) -> 0.0017719352 | AB50: =A50 -> 130908 | AC50: =IFERROR(IF(OR(NOT(ISNUMBER(S50)),NOT(ISNUMBER(W50))),"",IF(OR(S50<=0,W50<=0),"",(1-S50/W50)*100)),"") -> 0.17719352 | AD50: =IF(AC50="","",(MAX(S50,W50)/MIN(S50,W50)-1)*100) -> 0.17750806 | AE50: =IF(AC50="","",ABS(W50-S50)) -> 7.8813907 | AF50: =IF(AC50="","",IF(AND(AE50<MAX(Расч!$B$11,S50*Расч!$B$12),IF(AD50<Расч!$B$7,0,IF(AD50<Расч!$B$8,1,IF(AD50<Расч!$B$9,2,IF(AD50<Расч!$B$10,3,4))))>1),1,IF(AD50<Расч!$B$7,0,IF(AD50<Расч!$B$8,1,IF(AD50<Расч!$B$9,2,IF(AD50<Расч!$B$10,3,4)))))) -> 0 | AK50: =IF(AC50="","",AC50) -> 0.17719352 | AL50: =IF(AE50="","",AE50) -> 7.8813907 | AM50: =IF(AF50="","",AF50) -> 0 | AN50: =IF(AM50="","нет данных",CHOOSE(AM50+1,"Норма","Лёгкое отклонение","Заметный разброс","Выброс","Экстремальный выброс")) -> Норма | AO50: =IF(OR(AC50="",NOT(ISNUMBER(N50))),0,MAX(N50,0)) -> 400 | AP50: =IF(AC50="",0,AC50*AO50) -> 70.877409 | AQ50: =IF(OR(AC50="",NOT(ISNUMBER(O50))),0,MAX(O50,0)*S50) -> 208680.87 | AR50: =IF(AC50="",0,AC50*AQ50) -> 36976.899
A51: 156226 | B51: Диск тормозной зад. ADVICS | C51: F6R210B | D51: 08C66111 | E51: Продукция ADVICS | F51: ДЕТАЛИ ТОРМОЗНОЙ СИСТЕМЫ | G51: Тормозные диски | H51: Стандартные тормозные диски | I51: JPY | J51: 1445.801 | K51: U2JPY | L51: 4501.5861 | M51: (R) SUBARU FORESTER SJ (12-) | N51: 385 | O51: 27 | P51: B | Q51: 1964 | R51: 1980.7473 | S51: 3826.3482 | T51: 0.5072723 | U51: 1473144 | V51: 747285.16 | W51: 3655.26 | X51: =1-(S51/W51) -> -0.046806015 | AB51: =A51 -> 156226 | AC51: =IFERROR(IF(OR(NOT(ISNUMBER(S51)),NOT(ISNUMBER(W51))),"",IF(OR(S51<=0,W51<=0),"",(1-S51/W51)*100)),"") -> -4.6806015 | AD51: =IF(AC51="","",(MAX(S51,W51)/MIN(S51,W51)-1)*100) -> 4.6806015 | AE51: =IF(AC51="","",ABS(W51-S51)) -> 171.08815 | AF51: =IF(AC51="","",IF(AND(AE51<MAX(Расч!$B$11,S51*Расч!$B$12),IF(AD51<Расч!$B$7,0,IF(AD51<Расч!$B$8,1,IF(AD51<Расч!$B$9,2,IF(AD51<Расч!$B$10,3,4))))>1),1,IF(AD51<Расч!$B$7,0,IF(AD51<Расч!$B$8,1,IF(AD51<Расч!$B$9,2,IF(AD51<Расч!$B$10,3,4)))))) -> 0 | AK51: =IF(AC51="","",AC51) -> -4.6806015 | AL51: =IF(AE51="","",AE51) -> 171.08815 | AM51: =IF(AF51="","",AF51) -> 0 | AN51: =IF(AM51="","нет данных",CHOOSE(AM51+1,"Норма","Лёгкое отклонение","Заметный разброс","Выброс","Экстремальный выброс")) -> Норма | AO51: =IF(OR(AC51="",NOT(ISNUMBER(N51))),0,MAX(N51,0)) -> 385 | AP51: =IF(AC51="",0,AC51*AO51) -> -1802.0316 | AQ51: =IF(OR(AC51="",NOT(ISNUMBER(O51))),0,MAX(O51,0)*S51) -> 103311.4 | AR51: =IF(AC51="",0,AC51*AQ51) -> -483559.49
A52: 130875 | B52: Диск тормозной зад. ADVICS | C52: F6R091B | D52: 08C25210 | E52: Продукция ADVICS | F52: ДЕТАЛИ ТОРМОЗНОЙ СИСТЕМЫ | G52: Тормозные диски | H52: Стандартные тормозные диски | I52: JPY | J52: 1308.842 | K52: U2JPY | L52: 4201.7703 | M52: (R) SUBARU FORESTER SH (07-12), BRZ ZC6 (12-) | N52: 371 | O52: 23 | P52: B | Q52: 1870 | R52: 1793.1135 | S52: 3571.5047 | T52: 0.49779983 | U52: 1325028.2 | V52: 659598.83 | W52: 5207.57 | X52: =1-(S52/W52) -> 0.31417058 | AB52: =A52 -> 130875 | AC52: =IFERROR(IF(OR(NOT(ISNUMBER(S52)),NOT(ISNUMBER(W52))),"",IF(OR(S52<=0,W52<=0),"",(1-S52/W52)*100)),"") -> 31.417058 | AD52: =IF(AC52="","",(MAX(S52,W52)/MIN(S52,W52)-1)*100) -> 45.808851 | AE52: =IF(AC52="","",ABS(W52-S52)) -> 1636.0653 | AF52: =IF(AC52="","",IF(AND(AE52<MAX(Расч!$B$11,S52*Расч!$B$12),IF(AD52<Расч!$B$7,0,IF(AD52<Расч!$B$8,1,IF(AD52<Расч!$B$9,2,IF(AD52<Расч!$B$10,3,4))))>1),1,IF(AD52<Расч!$B$7,0,IF(AD52<Расч!$B$8,1,IF(AD52<Расч!$B$9,2,IF(AD52<Расч!$B$10,3,4)))))) -> 2 | AK52: =IF(AC52="","",AC52) -> 31.417058 | AL52: =IF(AE52="","",AE52) -> 1636.0653 | AM52: =IF(AF52="","",AF52) -> 2 | AN52: =IF(AM52="","нет данных",CHOOSE(AM52+1,"Норма","Лёгкое отклонение","Заметный разброс","Выброс","Экстремальный выброс")) -> Заметный разброс | AO52: =IF(OR(AC52="",NOT(ISNUMBER(N52))),0,MAX(N52,0)) -> 371 | AP52: =IF(AC52="",0,AC52*AO52) -> 11655.729 | AQ52: =IF(OR(AC52="",NOT(ISNUMBER(O52))),0,MAX(O52,0)*S52) -> 82144.608 | AR52: =IF(AC52="",0,AC52*AQ52) -> 2580741.9
A53: 130910 | B53: Диск тормозной пер. ADVICS | C53: A6F132B | D53: 09B46110 | E53: Продукция ADVICS | F53: ДЕТАЛИ ТОРМОЗНОЙ СИСТЕМЫ | G53: Тормозные диски | H53: Стандартные тормозные диски | I53: JPY | J53: 1916.3214 | K53: U2JPY | L53: 6152.6704 | M53: (F) TOYOTA 4RUNNER / HILUX SURF N210 (02-09), FJ CRUISER GSJ15 (06-14) | N53: 369 | O53: 7 | P53: B | Q53: 2840 | R53: 2625.3603 | S53: 5229.7699 | T53: 0.48080757 | U53: 1929785.1 | V53: 927855.27 | W53: 0
A54: 130948 | B54: Диск тормозной пер. ADVICS | C54: D6F134B | D54: 09A86810 | E54: Продукция ADVICS | F54: ДЕТАЛИ ТОРМОЗНОЙ СИСТЕМЫ | G54: Тормозные диски | H54: Стандартные тормозные диски | I54: JPY | J54: 1687.6882 | K54: U2JPY | L54: 5419.5762 | M54: (F) MITSUBISHI PAJERO SPORT KH9W (08-15), L200 KB4T (05-15) | N54: 368 | O54: 27 | P54: B | Q54: 2423 | R54: 2312.1329 | S54: 4606.6397 | T54: 0.51381016 | U54: 1695243.4 | V54: 871033.3 | W54: 3964 | X54: =1-(S54/W54) -> -0.16211901 | AB54: =A54 -> 130948 | AC54: =IFERROR(IF(OR(NOT(ISNUMBER(S54)),NOT(ISNUMBER(W54))),"",IF(OR(S54<=0,W54<=0),"",(1-S54/W54)*100)),"") -> -16.211901 | AD54: =IF(AC54="","",(MAX(S54,W54)/MIN(S54,W54)-1)*100) -> 16.211901 | AE54: =IF(AC54="","",ABS(W54-S54)) -> 642.63974 | AF54: =IF(AC54="","",IF(AND(AE54<MAX(Расч!$B$11,S54*Расч!$B$12),IF(AD54<Расч!$B$7,0,IF(AD54<Расч!$B$8,1,IF(AD54<Расч!$B$9,2,IF(AD54<Расч!$B$10,3,4))))>1),1,IF(AD54<Расч!$B$7,0,IF(AD54<Расч!$B$8,1,IF(AD54<Расч!$B$9,2,IF(AD54<Расч!$B$10,3,4)))))) -> 0 | AK54: =IF(AC54="","",AC54) -> -16.211901 | AL54: =IF(AE54="","",AE54) -> 642.63974 | AM54: =IF(AF54="","",AF54) -> 0 | AN54: =IF(AM54="","нет данных",CHOOSE(AM54+1,"Норма","Лёгкое отклонение","Заметный разброс","Выброс","Экстремальный выброс")) -> Норма | AO54: =IF(OR(AC54="",NOT(ISNUMBER(N54))),0,MAX(N54,0)) -> 368 | AP54: =IF(AC54="",0,AC54*AO54) -> -5965.9794 | AQ54: =IF(OR(AC54="",NOT(ISNUMBER(O54))),0,MAX(O54,0)*S54) -> 124379.27 | AR54: =IF(AC54="",0,AC54*AQ54) -> -2016424.4
A55: 156216 | B55: Диск тормозной пер. ADVICS | C55: A6F197B | D55: 09C64811 | E55: Продукция ADVICS | F55: ДЕТАЛИ ТОРМОЗНОЙ СИСТЕМЫ | G55: Тормозные диски | H55: Стандартные тормозные диски | I55: JPY | J55: 1482.802 | K55: U2JPY | L55: 4760.0362 | M55: (F) TOYOTA COROLLA E180 (13-) | N55: 361 | O55: 4 | P55: B | Q55: 2120 | R55: 2031.4387 | S55: 4046.0307 | T55: 0.49769413 | U55: 1460617.1 | V55: 726940.55 | W55: 0
A56: 130933 | B56: Диск тормозной пер. ADVICS | C56: D6F105B | D56: 09A73811 | E56: Продукция ADVICS | F56: ДЕТАЛИ ТОРМОЗНОЙ СИСТЕМЫ | G56: Тормозные диски | H56: Стандартные тормозные диски | I56: JPY | J56: 1572.8194 | K56: U2JPY | L56: 5050.0584 | M56: (F) MITSUBISHI OUTLANDER CW (06-12), OUTLANDER GF (12-) | N56: 354 | O56: 60 | P56: B | Q56: 2246 | R56: 2154.7626 | S56: 4292.5497 | T56: 0.49986777 | U56: 1519562.6 | V56: 759580.35 | W56: 3660.4 | X56: =1-(S56/W56) -> -0.17269962 | AB56: =A56 -> 130933 | AC56: =IFERROR(IF(OR(NOT(ISNUMBER(S56)),NOT(ISNUMBER(W56))),"",IF(OR(S56<=0,W56<=0),"",(1-S56/W56)*100)),"") -> -17.269962 | AD56: =IF(AC56="","",(MAX(S56,W56)/MIN(S56,W56)-1)*100) -> 17.269962 | AE56: =IF(AC56="","",ABS(W56-S56)) -> 632.14967 | AF56: =IF(AC56="","",IF(AND(AE56<MAX(Расч!$B$11,S56*Расч!$B$12),IF(AD56<Расч!$B$7,0,IF(AD56<Расч!$B$8,1,IF(AD56<Расч!$B$9,2,IF(AD56<Расч!$B$10,3,4))))>1),1,IF(AD56<Расч!$B$7,0,IF(AD56<Расч!$B$8,1,IF(AD56<Расч!$B$9,2,IF(AD56<Расч!$B$10,3,4)))))) -> 0 | AK56: =IF(AC56="","",AC56) -> -17.269962 | AL56: =IF(AE56="","",AE56) -> 632.14967 | AM56: =IF(AF56="","",AF56) -> 0 | AN56: =IF(AM56="","нет данных",CHOOSE(AM56+1,"Норма","Лёгкое отклонение","Заметный разброс","Выброс","Экстремальный выброс")) -> Норма | AO56: =IF(OR(AC56="",NOT(ISNUMBER(N56))),0,MAX(N56,0)) -> 354 | AP56: =IF(AC56="",0,AC56*AO56) -> -6113.5664 | AQ56: =IF(OR(AC56="",NOT(ISNUMBER(O56))),0,MAX(O56,0)*S56) -> 257552.98 | AR56: =IF(AC56="",0,AC56*AQ56) -> -4447930.1
A57: 130901 | B57: Диск тормозной зад. ADVICS | C57: B6R098B | D57: 09B26510 | E57: Продукция ADVICS | F57: ДЕТАЛИ ТОРМОЗНОЙ СИСТЕМЫ | G57: Тормозные диски | H57: Стандартные тормозные диски | I57: JPY | J57: 1502.1309 | K57: U2JPY | L57: 4903.0698 | M57: (R) NISSAN MURANO Z50 (03-08), MURANO Z52R (15-), PATHFINDER R52R (14-16) | N57: 348 | O57: 10 | P57: B | Q57: 2204 | R57: 2057.9193 | S57: 4167.6093 | T57: 0.493443 | U57: 1450328 | V57: 715654.21 | W57: 0
A58: 156218 | B58: Диск тормозной пер. ADVICS | C58: B6F206B | E58: Продукция ADVICS | F58: ДЕТАЛИ ТОРМОЗНОЙ СИСТЕМЫ | G58: Тормозные диски | H58: Стандартные тормозные диски | I58: JPY | J58: 2246.017 | K58: U2JPY | L58: 7209.5507 | M58: (F) INFINITI QX80 Z62 (10-) | N58: 342 | O58: 12 | P58: B | Q58: 3211 | R58: 3077.0433 | S58: 6128.1181 | T58: 0.49826603 | U58: 2095816.4 | V58: 1044274.1 | W58: 0
A59: 170240 | B59: Диск тормозной пер. ADVICS | C59: C6F573B | E59: Продукция ADVICS | F59: ДЕТАЛИ ТОРМОЗНОЙ СИСТЕМЫ | G59: Тормозные диски | H59: Стандартные тормозные диски | I59: JPY | J59: 2142.1933 | K59: U2JPY | L59: 6877.8032 | M59: (F) HONDA PILOT YF4 (08-15), ACURA MDX YD2 (08-15) | N59: 326 | O59: 10 | P59: B | Q59: 3094 | R59: 2934.8048 | S59: 5846.1327 | T59: 0.49859434 | U59: 1905839.3 | V59: 950240.67 | W59: 0
A60: 130915 | B60: Диск тормозной пер. ADVICS | C60: A6F116B | D60: 09A70710 | E60: Продукция ADVICS | F60: ДЕТАЛИ ТОРМОЗНОЙ СИСТЕМЫ | G60: Тормозные диски | H60: Стандартные тормозные диски | I60: JPY | J60: 1335.9024 | K60: U2JPY | L60: 4289.193 | M60: (F) TOYOTA COROLLA AXIO/FIELDER (NZE14#,ZRE14#), VITZ P90 (05-10), VITZ P130 (10-), AQUA NHP10 (11-), PASSO SETTE (M502E,M512E) 2008-, PORTE/SPADE (NCP14#,NSP140) 2012- | N60: 324 | O60: 64 | P60: B | Q60: 1879 | R60: 1830.1863 | S60: 3645.814 | T60: 0.5071072 | U60: 1181243.7 | V60: 599017.21 | W60: 0
A61: 156217 | B61: Диск тормозной пер. ADVICS | C61: A6F199B | D61: 09A63410 | E61: Продукция ADVICS | F61: ДЕТАЛИ ТОРМОЗНОЙ СИСТЕМЫ | G61: Тормозные диски | H61: Стандартные тормозные диски | I61: JPY | J61: 1510.9669 | K61: U2JPY | L61: 4851.3969 | M61: (F) TOYOTA HILUX AN10 (05-15) | N61: 322 | O61: 32 | P61: B | Q61: 2175 | R61: 2070.0247 | S61: 4123.6873 | T61: 0.49497754 | U61: 1327827.3 | V61: 657244.7 | W61: 0
A62: 156229 | B62: Диск тормозной зад. ADVICS | C62: A6R198B | D62: 08A91210 | E62: Продукция ADVICS | F62: ДЕТАЛИ ТОРМОЗНОЙ СИСТЕМЫ | G62: Тормозные диски | H62: Стандартные тормозные диски | I62: JPY | J62: 1167.465 | K62: U2JPY | L62: 3632.478 | M62: (R) TOYOTA COROLLA E180 (13-) | N62: 319 | O62: 9 | P62: B | Q62: 1628 | R62: 1599.427 | S62: 3087.6063 | T62: 0.49231899 | U62: 984946.42 | V62: 484907.83 | W62: 0
A63: 130951 | B63: Диск тормозной зад. ADVICS | C63: D6R179B | D63: 09A45010 | E63: Продукция ADVICS | F63: ДЕТАЛИ ТОРМОЗНОЙ СИСТЕМЫ | G63: Тормозные диски | H63: Стандартные тормозные диски | I63: JPY | J63: 1537.4751 | K63: U2JPY | L63: 4934.8474 | M63: (R) MITSUBISHI PAJERO V60 / V70 (00-06), PAJERO V80 / V90 (06-) | N63: 318 | O63: 12 | P63: B | Q63: 2258 | R63: 2106.3409 | S63: 4194.6203 | T63: 0.48358425 | U63: 1333889.2 | V63: 645047.83 | W63: 4105.5 | X63: =1-(S63/W63) -> -0.021707535 | AB63: =A63 -> 130951 | AC63: =IFERROR(IF(OR(NOT(ISNUMBER(S63)),NOT(ISNUMBER(W63))),"",IF(OR(S63<=0,W63<=0),"",(1-S63/W63)*100)),"") -> -2.1707535 | AD63: =IF(AC63="","",(MAX(S63,W63)/MIN(S63,W63)-1)*100) -> 2.1707535 | AE63: =IF(AC63="","",ABS(W63-S63)) -> 89.120283 | AF63: =IF(AC63="","",IF(AND(AE63<MAX(Расч!$B$11,S63*Расч!$B$12),IF(AD63<Расч!$B$7,0,IF(AD63<Расч!$B$8,1,IF(AD63<Расч!$B$9,2,IF(AD63<Расч!$B$10,3,4))))>1),1,IF(AD63<Расч!$B$7,0,IF(AD63<Расч!$B$8,1,IF(AD63<Расч!$B$9,2,IF(AD63<Расч!$B$10,3,4)))))) -> 0 | AK63: =IF(AC63="","",AC63) -> -2.1707535 | AL63: =IF(AE63="","",AE63) -> 89.120283 | AM63: =IF(AF63="","",AF63) -> 0 | AN63: =IF(AM63="","нет данных",CHOOSE(AM63+1,"Норма","Лёгкое отклонение","Заметный разброс","Выброс","Экстремальный выброс")) -> Норма | AO63: =IF(OR(AC63="",NOT(ISNUMBER(N63))),0,MAX(N63,0)) -> 318 | AP63: =IF(AC63="",0,AC63*AO63) -> -690.2996 | AQ63: =IF(OR(AC63="",NOT(ISNUMBER(O63))),0,MAX(O63,0)*S63) -> 50335.443 | AR63: =IF(AC63="",0,AC63*AQ63) -> -109265.84
A64: 170241 | B64: Диск тормозной пер. ADVICS | C64: B6F551B | E64: Продукция ADVICS | F64: ДЕТАЛИ ТОРМОЗНОЙ СИСТЕМЫ | G64: Тормозные диски | H64: Стандартные тормозные диски | I64: JPY | J64: 2524.9053 | K64: U2JPY | L64: 8191.8494 | M64: (F) INFINITI M37 / Q70 Y51 (09-) | N64: 311 | O64: 6 | P64: B | Q64: 3541 | R64: 3459.1202 | S64: 6963.072 | T64: 0.51396022 | U64: 2165515.4 | V64: 1112988.8 | W64: 0
A65: 1859642 | B65: Диск тормозной пер. ADVICS | C65: A6F2181 | E65: Продукция ADVICS | F65: ДЕТАЛИ ТОРМОЗНОЙ СИСТЕМЫ | G65: Тормозные диски | H65: Стандартные тормозные диски | I65: JPY | J65: 2724.269 | K65: U2JPY | L65: 8588.1453 | M65: (F) TOYOTA LAND CRUISER FJA300 / VJA300 (21~) | N65: 303 | O65: 18 | P65: B | Q65: 3704 | R65: 3732.2485 | S65: 7299.9235 | T65: 0.51749794 | U65: 2211876.8 | V65: 1144641.7 | W65: 0
A66: 156223 | B66: Диск тормозной зад. ADVICS | C66: B6R192B | D66: 09B63111 | E66: Продукция ADVICS | F66: ДЕТАЛИ ТОРМОЗНОЙ СИСТЕМЫ | G66: Тормозные диски | H66: Стандартные тормозные диски | I66: JPY | J66: 2007.4433 | K66: U2JPY | L66: 6442.7098 | M66: (R) NISSAN PATROL Y62 (10-), INFINITI QX80 Z62 (10-) | N66: 298 | O66: 33 | P66: B | Q66: 2917 | R66: 2750.1973 | S66: 5476.3033 | T66: 0.48099052 | U66: 1631938.4 | V66: 784946.9 | W66: 5398.2 | X66: =1-(S66/W66) -> -0.014468405 | AB66: =A66 -> 156223 | AC66: =IFERROR(IF(OR(NOT(ISNUMBER(S66)),NOT(ISNUMBER(W66))),"",IF(OR(S66<=0,W66<=0),"",(1-S66/W66)*100)),"") -> -1.4468405 | AD66: =IF(AC66="","",(MAX(S66,W66)/MIN(S66,W66)-1)*100) -> 1.4468405 | AE66: =IF(AC66="","",ABS(W66-S66)) -> 78.103346 | AF66: =IF(AC66="","",IF(AND(AE66<MAX(Расч!$B$11,S66*Расч!$B$12),IF(AD66<Расч!$B$7,0,IF(AD66<Расч!$B$8,1,IF(AD66<Расч!$B$9,2,IF(AD66<Расч!$B$10,3,4))))>1),1,IF(AD66<Расч!$B$7,0,IF(AD66<Расч!$B$8,1,IF(AD66<Расч!$B$9,2,IF(AD66<Расч!$B$10,3,4)))))) -> 0 | AK66: =IF(AC66="","",AC66) -> -1.4468405 | AL66: =IF(AE66="","",AE66) -> 78.103346 | AM66: =IF(AF66="","",AF66) -> 0 | AN66: =IF(AM66="","нет данных",CHOOSE(AM66+1,"Норма","Лёгкое отклонение","Заметный разброс","Выброс","Экстремальный выброс")) -> Норма | AO66: =IF(OR(AC66="",NOT(ISNUMBER(N66))),0,MAX(N66,0)) -> 298 | AP66: =IF(AC66="",0,AC66*AO66) -> -431.15848 | AQ66: =IF(OR(AC66="",NOT(ISNUMBER(O66))),0,MAX(O66,0)*S66) -> 180718.01 | AR66: =IF(AC66="",0,AC66*AQ66) -> -261470.14
A67: 130929 | B67: Диск тормозной пер. ADVICS | C67: C6F123B | D67: 9550911 | E67: Продукция ADVICS | F67: ДЕТАЛИ ТОРМОЗНОЙ СИСТЕМЫ | G67: Тормозные диски | H67: Стандартные тормозные диски | I67: JPY | J67: 1223.2426 | K67: U2JPY | L67: 3927.5854 | M67: (F) HONDA FIT / JAZZ GE6 (07-13), INSIGHT ZE2 (09-14), FREED GB (08-16) | N67: 297 | O67: 4 | P67: B | Q67: 1718 | R67: 1675.8424 | S67: 3338.4476 | T67: 0.504331 | U67: 991518.94 | V67: 500053.74 | W67: 0
A68: 130935 | B68: Диск тормозной пер. ADVICS | C68: H6F120B | D68: 09A53810 | E68: Продукция ADVICS | F68: ДЕТАЛИ ТОРМОЗНОЙ СИСТЕМЫ | G68: Тормозные диски | H68: Стандартные тормозные диски | I68: JPY | J68: 1582.76 | K68: U2JPY | L68: 5079.8328 | M68: (F) SUZUKI ESCUDO / GRAND VITARA TA74W / TD54W / TD94W / TDA4W / TDB4W (05-15) | N68: 284 | O68: 4 | P68: B | Q68: 2259 | R68: 2168.3812 | S68: 4317.8579 | T68: 0.49828788 | U68: 1226271.6 | V68: 611036.3 | W68: 0
A69: 1855011 | B69: Диск тормозной пер. ADVICS | C69: D6F1052B | E69: Продукция ADVICS | F69: ДЕТАЛИ ТОРМОЗНОЙ СИСТЕМЫ | G69: Тормозные диски | H69: Стандартные тормозные диски | I69: JPY | J69: 2128.3869 | K69: U2JPY | L69: 6293.6152 | M69: (F) MITSUBISHI L200 KS# 2015- | N69: 283 | O69: 6 | P69: B | Q69: 2955 | R69: 2915.8901 | S69: 5349.5729 | T69: 0.4834583 | U69: 1513929.1 | V69: 731921.6 | W69: 0
A70: 170267 | B70: Диск тормозной зад. ADVICS | C70: D6R511B | D70: 09B63711 | E70: Продукция ADVICS | F70: ДЕТАЛИ ТОРМОЗНОЙ СИСТЕМЫ | G70: Тормозные диски | H70: Стандартные тормозные диски | I70: JPY | J70: 1804.7661 | K70: U2JPY | L70: 5793.0832 | M70: (R) MITSUBISHI PAJERO V98W (06-) | N70: 283 | O70: 14 | P70: B | Q70: 2409 | R70: 2472.5295 | S70: 4924.1207 | T70: 0.50753264 | U70: 1393526.2 | V70: 707260.01 | W70: 5433.1 | X70: =1-(S70/W70) -> 0.09368119 | AB70: =A70 -> 170267 | AC70: =IFERROR(IF(OR(NOT(ISNUMBER(S70)),NOT(ISNUMBER(W70))),"",IF(OR(S70<=0,W70<=0),"",(1-S70/W70)*100)),"") -> 9.368119 | AD70: =IF(AC70="","",(MAX(S70,W70)/MIN(S70,W70)-1)*100) -> 10.33645 | AE70: =IF(AC70="","",ABS(W70-S70)) -> 508.97927 | AF70: =IF(AC70="","",IF(AND(AE70<MAX(Расч!$B$11,S70*Расч!$B$12),IF(AD70<Расч!$B$7,0,IF(AD70<Расч!$B$8,1,IF(AD70<Расч!$B$9,2,IF(AD70<Расч!$B$10,3,4))))>1),1,IF(AD70<Расч!$B$7,0,IF(AD70<Расч!$B$8,1,IF(AD70<Расч!$B$9,2,IF(AD70<Расч!$B$10,3,4)))))) -> 0 | AK70: =IF(AC70="","",AC70) -> 9.368119 | AL70: =IF(AE70="","",AE70) -> 508.97927 | AM70: =IF(AF70="","",AF70) -> 0 | AN70: =IF(AM70="","нет данных",CHOOSE(AM70+1,"Норма","Лёгкое отклонение","Заметный разброс","Выброс","Экстремальный выброс")) -> Норма | AO70: =IF(OR(AC70="",NOT(ISNUMBER(N70))),0,MAX(N70,0)) -> 283 | AP70: =IF(AC70="",0,AC70*AO70) -> 2651.1777 | AQ70: =IF(OR(AC70="",NOT(ISNUMBER(O70))),0,MAX(O70,0)*S70) -> 68937.69 | AR70: =IF(AC70="",0,AC70*AQ70) -> 645816.48
A71: 130897 | B71: Диск тормозной зад. ADVICS | C71: C6R080B | D71: 08A35510 | E71: Продукция ADVICS | F71: ДЕТАЛИ ТОРМОЗНОЙ СИСТЕМЫ | G71: Тормозные диски | H71: Стандартные тормозные диски | I71: JPY | J71: 1388.3666 | K71: U2JPY | L71: 4456.0427 | M71: (R) HONDA CR-V RM1 / RM2 / RM3 / RM4 (11-16) | N71: 274 | O71: 11 | P71: B | Q71: 1884 | R71: 1902.0622 | S71: 3787.6363 | T71: 0.51934297 | U71: 1037812.3 | V71: 538980.55 | W71: 0
A72: 130905 | B72: Диск тормозной пер. ADVICS | C72: A6F144B | D72: 09A53520 | E72: Продукция ADVICS | F72: ДЕТАЛИ ТОРМОЗНОЙ СИСТЕМЫ | G72: Тормозные диски | H72: Стандартные тормозные диски | I72: JPY | J72: 1300.5582 | K72: U2JPY | L72: 4476.4174 | M72: (F) TOYOTA COROLLA E140 (06-12), PREMIO / ALLION NZT260 / ZRT260 (10-16), VITZ NCP131 (10-), RACTIS P120 (10-17), IST P110 (07-16), SIENTA P170 (15-) | N72: 272 | O72: 12 | P72: B | Q72: 1869 | R72: 1781.7647 | S72: 3804.9548 | T72: 0.52988419 | U72: 1034947.7 | V72: 548402.42 | W72: 0
A73: 1752065 | B73: Диск тормозной зад. ADVICS | C73: F6R863B | E73: Продукция ADVICS | F73: ДЕТАЛИ ТОРМОЗНОЙ СИСТЕМЫ | G73: Тормозные диски | H73: Стандартные тормозные диски | I73: JPY | J73: 1438.0694 | K73: U2JPY | L73: 4616.9854 | M73: (R) SUBARU LEGACY BN9 2009-2014 | N73: 270 | O73: 12 | P73: B | Q73: 2061 | R73: 1970.1551 | S73: 3924.4376 | T73: 0.4744075 | U73: 1059598.2 | V73: 502681.31 | W73: 0
A74: 130877 | B74: Диск тормозной пер. ADVICS | C74: B6F121B | E74: Продукция ADVICS | F74: ДЕТАЛИ ТОРМОЗНОЙ СИСТЕМЫ | G74: Тормозные диски | H74: Стандартные тормозные диски | I74: JPY | J74: 1300.5582 | K74: U2JPY | L74: 4175.9338 | M74: (F) NISSAN WINGROAD Y12 (05-) | N74: 266 | O74: 17 | P74: B | Q74: 1781 | R74: 1781.7647 | S74: 3549.5437 | T74: 0.51858644 | U74: 944178.63 | V74: 489638.24 | W74: 0
A75: 170248 | B75: Диск тормозной пер. ADVICS | C75: D6F509B | D75: 09B63610 | E75: Продукция ADVICS | F75: ДЕТАЛИ ТОРМОЗНОЙ СИСТЕМЫ | G75: Тормозные диски | H75: Стандартные тормозные диски | I75: JPY | J75: 1989.7712 | K75: U2JPY | L75: 6856.0588 | M75: (F) MITSUBISHI PAJERO V98W (06-) | N75: 264 | O75: 10 | P75: B | Q75: 2820 | R75: 2725.9865 | S75: 5827.6499 | T75: 0.53223229 | U75: 1538499.6 | V75: 818839.15 | W75: 0
A76: 130907 | B76: Диск тормозной пер. ADVICS | C76: A6F118B | D76: 09B06310 | E76: Продукция ADVICS | F76: ДЕТАЛИ ТОРМОЗНОЙ СИСТЕМЫ | G76: Тормозные диски | H76: Стандартные тормозные диски | I76: JPY | J76: 1863.8573 | K76: U2JPY | L76: 5983.7661 | M76: (F) TOYOTA HIACE H200 (06-) | N76: 263 | O76: 55 | P76: B | Q76: 2620 | R76: 2553.4844 | S76: 5086.2012 | T76: 0.4929769 | U76: 1337670.9 | V76: 659440.86 | W76: 0
A77: 1774893 | B77: Диск тормозной пер. ADVICS | C77: A6F455B | E77: Продукция ADVICS | F77: ДЕТАЛИ ТОРМОЗНОЙ СИСТЕМЫ | G77: Тормозные диски | H77: Стандартные тормозные диски | I77: JPY | J77: 1614.2384 | K77: U2JPY | L77: 5183.1444 | M77: (Fr) TOYOTA VOXY, NOAH ZRR7#; PRIUS α ZVW4# | N77: 262 | O77: 30 | P77: B | Q77: 2291 | R77: 2211.5067 | S77: 4405.6727 | T77: 0.50273338 | U77: 1154286.3 | V77: 580298.23 | W77: 0
A78: 130912 | B78: Диск тормозной пер. ADVICS | C78: A6F158B | D78: 9584410 | E78: Продукция ADVICS | F78: ДЕТАЛИ ТОРМОЗНОЙ СИСТЕМЫ | G78: Тормозные диски | H78: Стандартные тормозные диски | I78: JPY | J78: 1423.7108 | K78: U2JPY | L78: 4571.288 | M78: (F) TOYOTA PRIUS ZVW30 (09-15), LEXUS CT 200h (10-) | N78: 259 | O78: 16 | P78: B | Q78: 2130 | R78: 1950.4838 | S78: 3885.5948 | T78: 0.47596887 | U78: 1006369 | V78: 479000.34 | W78: 3943.64 | X78: =1-(S78/W78) -> 0.014718692 | AB78: =A78 -> 130912 | AC78: =IFERROR(IF(OR(NOT(ISNUMBER(S78)),NOT(ISNUMBER(W78))),"",IF(OR(S78<=0,W78<=0),"",(1-S78/W78)*100)),"") -> 1.4718692 | AD78: =IF(AC78="","",(MAX(S78,W78)/MIN(S78,W78)-1)*100) -> 1.4938568 | AE78: =IF(AC78="","",ABS(W78-S78)) -> 58.045222 | AF78: =IF(AC78="","",IF(AND(AE78<MAX(Расч!$B$11,S78*Расч!$B$12),IF(AD78<Расч!$B$7,0,IF(AD78<Расч!$B$8,1,IF(AD78<Расч!$B$9,2,IF(AD78<Расч!$B$10,3,4))))>1),1,IF(AD78<Расч!$B$7,0,IF(AD78<Расч!$B$8,1,IF(AD78<Расч!$B$9,2,IF(AD78<Расч!$B$10,3,4)))))) -> 0 | AK78: =IF(AC78="","",AC78) -> 1.4718692 | AL78: =IF(AE78="","",AE78) -> 58.045222 | AM78: =IF(AF78="","",AF78) -> 0 | AN78: =IF(AM78="","нет данных",CHOOSE(AM78+1,"Норма","Лёгкое отклонение","Заметный разброс","Выброс","Экстремальный выброс")) -> Норма | AO78: =IF(OR(AC78="",NOT(ISNUMBER(N78))),0,MAX(N78,0)) -> 259 | AP78: =IF(AC78="",0,AC78*AO78) -> 381.21412 | AQ78: =IF(OR(AC78="",NOT(ISNUMBER(O78))),0,MAX(O78,0)*S78) -> 62169.516 | AR78: =IF(AC78="",0,AC78*AQ78) -> 91505.395
A79: 170261 | B79: Диск тормозной зад. ADVICS | C79: C6R575B | E79: Продукция ADVICS | F79: ДЕТАЛИ ТОРМОЗНОЙ СИСТЕМЫ | G79: Тормозные диски | H79: Стандартные тормозные диски | I79: JPY | J79: 1694.8675 | K79: U2JPY | L79: 5441.4404 | M79: (R) HONDA PILOT YF4 (08-15), ACURA MDX YD2 (08-15) | N79: 255 | O79: 9 | P79: B | Q79: 2348 | R79: 2321.9685 | S79: 4625.2243 | T79: 0.52172386 | U79: 1179432.2 | V79: 615337.92 | W79: 0
A80: 1752059 | B80: Диск тормозной пер. ADVICS | C80: F6F861B | E80: Продукция ADVICS | F80: ДЕТАЛИ ТОРМОЗНОЙ СИСТЕМЫ | G80: Тормозные диски | H80: Стандартные тормозные диски | I80: JPY | J80: 2098.5652 | K80: U2JPY | L80: 6736.7043 | M80: (F) SUBARU LEVORG, LEGACY (BN), OUTBACK BS 2014-2019, IMPREZA WRX (VA) | N80: 252 | O80: 20 | P80: B | Q80: 2922 | R80: 2875.0343 | S80: 5726.1987 | T80: 0.49840563 | U80: 1443002.1 | V80: 719200.35 | W80: 5021.33 | X80: =1-(S80/W80) -> -0.14037489 | AB80: =A80 -> 1752059 | AC80: =IFERROR(IF(OR(NOT(ISNUMBER(S80)),NOT(ISNUMBER(W80))),"",IF(OR(S80<=0,W80<=0),"",(1-S80/W80)*100)),"") -> -14.037489 | AD80: =IF(AC80="","",(MAX(S80,W80)/MIN(S80,W80)-1)*100) -> 14.037489 | AE80: =IF(AC80="","",ABS(W80-S80)) -> 704.86865 | AF80: =IF(AC80="","",IF(AND(AE80<MAX(Расч!$B$11,S80*Расч!$B$12),IF(AD80<Расч!$B$7,0,IF(AD80<Расч!$B$8,1,IF(AD80<Расч!$B$9,2,IF(AD80<Расч!$B$10,3,4))))>1),1,IF(AD80<Расч!$B$7,0,IF(AD80<Расч!$B$8,1,IF(AD80<Расч!$B$9,2,IF(AD80<Расч!$B$10,3,4)))))) -> 0 | AK80: =IF(AC80="","",AC80) -> -14.037489 | AL80: =IF(AE80="","",AE80) -> 704.86865 | AM80: =IF(AF80="","",AF80) -> 0 | AN80: =IF(AM80="","нет данных",CHOOSE(AM80+1,"Норма","Лёгкое отклонение","Заметный разброс","Выброс","Экстремальный выброс")) -> Норма | AO80: =IF(OR(AC80="",NOT(ISNUMBER(N80))),0,MAX(N80,0)) -> 252 | AP80: =IF(AC80="",0,AC80*AO80) -> -3537.4473 | AQ80: =IF(OR(AC80="",NOT(ISNUMBER(O80))),0,MAX(O80,0)*S80) -> 114523.97 | AR80: =IF(AC80="",0,AC80*AQ80) -> -1607629
A81: 1859643 | B81: Диск тормозной зад. ADVICS | C81: A6R2183 | E81: Продукция ADVICS | F81: ДЕТАЛИ ТОРМОЗНОЙ СИСТЕМЫ | G81: Тормозные диски | H81: Стандартные тормозные диски | I81: JPY | J81: 1921.8439 | K81: U2JPY | L81: 6058.5189 | M81: (Rr) TOYOTA LAND CRUISER J300 (21~) | N81: 251 | O81: 4 | P81: B | Q81: 2607 | R81: 2632.9262 | S81: 5149.7411 | T81: 0.51659511 | U81: 1292585 | V81: 667743.1 | W81: 0
A82: 170257 | B82: Диск тормозной пер. ADVICS | C82: A6F422B | E82: Продукция ADVICS | F82: ДЕТАЛИ ТОРМОЗНОЙ СИСТЕМЫ | G82: Тормозные диски | H82: Стандартные тормозные диски | I82: JPY | J82: 1298.3492 | K82: U2JPY | L82: 5701.0548 | M82: (F) TOYOTA MARK II / CRESTA / CHASER X100 (96-01) | N82: 248 | O82: 20 | P82: B | Q82: 1926 | R82: 1778.7383 | S82: 4845.8966 | T82: 0.62050664 | U82: 1201782.3 | V82: 745713.93 | W82: 0
A83: 170254 | B83: Диск тормозной пер. ADVICS | C83: A6F420B | D83: 9573614 | E83: Продукция ADVICS | F83: ДЕТАЛИ ТОРМОЗНОЙ СИСТЕМЫ | G83: Тормозные диски | H83: Стандартные тормозные диски | I83: JPY | J83: 1101.1945 | K83: U2JPY | L83: 3534.2345 | M83: (F) TOYOTA COROLLA NZE120 / NZE121 (00-06), SPACIO NZE121N (01-03) | N83: 242 | O83: 20 | P83: B | Q83: 1613 | R83: 1508.6364 | S83: 3004.0993 | T83: 0.4854819 | U83: 726992.03 | V83: 352941.47 | W83: 0
A84: 1752068 | B84: Диск тормозной зад. ADVICS | C84: B6R872B | E84: Продукция ADVICS | F84: ДЕТАЛИ ТОРМОЗНОЙ СИСТЕМЫ | G84: Тормозные диски | H84: Стандартные тормозные диски | I84: JPY | J84: 2156.5519 | K84: U2JPY | L84: 6923.4835 | M84: (R) INFINITI QX70 S51 2008-2013 | N84: 240 | O84: 10 | P84: B | Q84: 2960 | R84: 2954.4761 | S84: 5884.961 | T84: 0.52179094 | U84: 1412390.6 | V84: 736972.63 | W84: 0
A85: 1859640 | B85: Диск тормозной пер. ADVICS | C85: F6F2167 | E85: Продукция ADVICS | F85: ДЕТАЛИ ТОРМОЗНОЙ СИСТЕМЫ | G85: Тормозные диски | H85: Стандартные тормозные диски | I85: JPY | J85: 1744.0181 | K85: U2JPY | L85: 5497.9245 | M85: (F) SUBARU FORESTER SK (19~) | N85: 236 | O85: 12 | P85: B | Q85: 2415 | R85: 2389.3048 | S85: 4673.2358 | T85: 0.49449217 | U85: 1102883.6 | V85: 545367.33 | W85: 0
A86: 130882 | B86: Диск тормозной пер. ADVICS | C86: B6F152B | E86: Продукция ADVICS | F86: ДЕТАЛИ ТОРМОЗНОЙ СИСТЕМЫ | G86: Тормозные диски | H86: Стандартные тормозные диски | I86: JPY | J86: 1836.7968 | K86: U2JPY | L86: 7751.6538 | M86: (F) INFINITI FX35 / QX70 S51 (08-), INFINITI EX37 / QX50 (08-) | N86: 234 | O86: 29 | P86: B | Q86: 2684 | R86: 2516.4116 | S86: 6588.9058 | T86: 0.61140636 | U86: 1541803.9 | V86: 942668.74 | W86: 0
A87: 156210 | B87: Диск тормозной пер. ADVICS | C87: B6F191B | D87: 09B54511 | E87: Продукция ADVICS | F87: ДЕТАЛИ ТОРМОЗНОЙ СИСТЕМЫ | G87: Тормозные диски | H87: Стандартные тормозные диски | I87: JPY | J87: 2839.6901 | K87: U2JPY | L87: 9866.202 | M87: (F) NISSAN PATROL Y62 (10-) | N87: 233 | O87: 11 | P87: B | Q87: 4309 | R87: 3890.3754 | S87: 8386.2717 | T87: 0.50877496 | U87: 1954001.3 | V87: 994146.93 | W87: 10538.75 | X87: =1-(S87/W87) -> 0.20424418 | AB87: =A87 -> 156210 | AC87: =IFERROR(IF(OR(NOT(ISNUMBER(S87)),NOT(ISNUMBER(W87))),"",IF(OR(S87<=0,W87<=0),"",(1-S87/W87)*100)),"") -> 20.424418 | AD87: =IF(AC87="","",(MAX(S87,W87)/MIN(S87,W87)-1)*100) -> 25.66669 | AE87: =IF(AC87="","",ABS(W87-S87)) -> 2152.4783 | AF87: =IF(AC87="","",IF(AND(AE87<MAX(Расч!$B$11,S87*Расч!$B$12),IF(AD87<Расч!$B$7,0,IF(AD87<Расч!$B$8,1,IF(AD87<Расч!$B$9,2,IF(AD87<Расч!$B$10,3,4))))>1),1,IF(AD87<Расч!$B$7,0,IF(AD87<Расч!$B$8,1,IF(AD87<Расч!$B$9,2,IF(AD87<Расч!$B$10,3,4)))))) -> 0 | AK87: =IF(AC87="","",AC87) -> 20.424418 | AL87: =IF(AE87="","",AE87) -> 2152.4783 | AM87: =IF(AF87="","",AF87) -> 0 | AN87: =IF(AM87="","нет данных",CHOOSE(AM87+1,"Норма","Лёгкое отклонение","Заметный разброс","Выброс","Экстремальный выброс")) -> Норма | AO87: =IF(OR(AC87="",NOT(ISNUMBER(N87))),0,MAX(N87,0)) -> 233 | AP87: =IF(AC87="",0,AC87*AO87) -> 4758.8893 | AQ87: =IF(OR(AC87="",NOT(ISNUMBER(O87))),0,MAX(O87,0)*S87) -> 92248.989 | AR87: =IF(AC87="",0,AC87*AQ87) -> 1884131.9
A88: 130922 | B88: Диск тормозной пер. ADVICS | C88: C6F181B | D88: 9884011 | E88: Продукция ADVICS | F88: ДЕТАЛИ ТОРМОЗНОЙ СИСТЕМЫ | G88: Тормозные диски | H88: Стандартные тормозные диски | I88: JPY | J88: 1723.0325 | K88: U2JPY | L88: 5530.815 | M88: (F) HONDA ACCORD CL# RHD, ODYSSEY RB1 / RB2 (03-08) | N88: 228 | O88: 3 | P88: C | Q88: 2572 | R88: 2360.5545 | S88: 4701.1928 | T88: 0.47646812 | U88: 1071871.9 | V88: 510712.81 | W88: 4192.6 | X88: =1-(S88/W88) -> -0.12130724 | AB88: =A88 -> 130922 | AC88: =IFERROR(IF(OR(NOT(ISNUMBER(S88)),NOT(ISNUMBER(W88))),"",IF(OR(S88<=0,W88<=0),"",(1-S88/W88)*100)),"") -> -12.130724 | AD88: =IF(AC88="","",(MAX(S88,W88)/MIN(S88,W88)-1)*100) -> 12.130724 | AE88: =IF(AC88="","",ABS(W88-S88)) -> 508.59275 | AF88: =IF(AC88="","",IF(AND(AE88<MAX(Расч!$B$11,S88*Расч!$B$12),IF(AD88<Расч!$B$7,0,IF(AD88<Расч!$B$8,1,IF(AD88<Расч!$B$9,2,IF(AD88<Расч!$B$10,3,4))))>1),1,IF(AD88<Расч!$B$7,0,IF(AD88<Расч!$B$8,1,IF(AD88<Расч!$B$9,2,IF(AD88<Расч!$B$10,3,4)))))) -> 0 | AK88: =IF(AC88="","",AC88) -> -12.130724 | AL88: =IF(AE88="","",AE88) -> 508.59275 | AM88: =IF(AF88="","",AF88) -> 0 | AN88: =IF(AM88="","нет данных",CHOOSE(AM88+1,"Норма","Лёгкое отклонение","Заметный разброс","Выброс","Экстремальный выброс")) -> Норма | AO88: =IF(OR(AC88="",NOT(ISNUMBER(N88))),0,MAX(N88,0)) -> 228 | AP88: =IF(AC88="",0,AC88*AO88) -> -2765.8052 | AQ88: =IF(OR(AC88="",NOT(ISNUMBER(O88))),0,MAX(O88,0)*S88) -> 14103.578 | AR88: =IF(AC88="",0,AC88*AQ88) -> -171086.62
A89: 1752058 | B89: Диск тормозной пер. ADVICS | C89: C6F868B | E89: Продукция ADVICS | F89: ДЕТАЛИ ТОРМОЗНОЙ СИСТЕМЫ | G89: Тормозные диски | H89: Стандартные тормозные диски | I89: JPY | J89: 1841.2148 | K89: U2JPY | L89: 5985.9919 | M89: (F) HONDA ACCORD CR3 2013-2019 | N89: 225 | O89: 12 | P89: C | Q89: 2648 | R89: 2522.4643 | S89: 5088.0931 | T89: 0.50714395 | U89: 1144821 | V89: 580589.02 | W89: 0
A90: 156222 | B90: Диск тормозной зад. ADVICS | C90: D6R190B | D90: 09D41311 | E90: Продукция ADVICS | F90: ДЕТАЛИ ТОРМОЗНОЙ СИСТЕМЫ | G90: Тормозные диски | H90: Стандартные тормозные диски | I90: JPY | J90: 2040.5785 | K90: U2JPY | L90: 6549.9593 | M90: (R) MITSUBISHI PAJERO SPORT KH9W (08-15) | N90: 223 | O90: 4 | P90: C | Q90: 2879 | R90: 2795.5926 | S90: 5567.4654 | T90: 0.50652256 | U90: 1241544.8 | V90: 628870.45 | W90: 4958.7 | X90: =1-(S90/W90) -> -0.12276714 | AB90: =A90 -> 156222 | AC90: =IFERROR(IF(OR(NOT(ISNUMBER(S90)),NOT(ISNUMBER(W90))),"",IF(OR(S90<=0,W90<=0),"",(1-S90/W90)*100)),"") -> -12.276714 | AD90: =IF(AC90="","",(MAX(S90,W90)/MIN(S90,W90)-1)*100) -> 12.276714 | AE90: =IF(AC90="","",ABS(W90-S90)) -> 608.76543 | AF90: =IF(AC90="","",IF(AND(AE90<MAX(Расч!$B$11,S90*Расч!$B$12),IF(AD90<Расч!$B$7,0,IF(AD90<Расч!$B$8,1,IF(AD90<Расч!$B$9,2,IF(AD90<Расч!$B$10,3,4))))>1),1,IF(AD90<Расч!$B$7,0,IF(AD90<Расч!$B$8,1,IF(AD90<Расч!$B$9,2,IF(AD90<Расч!$B$10,3,4)))))) -> 0 | AK90: =IF(AC90="","",AC90) -> -12.276714 | AL90: =IF(AE90="","",AE90) -> 608.76543 | AM90: =IF(AF90="","",AF90) -> 0 | AN90: =IF(AM90="","нет данных",CHOOSE(AM90+1,"Норма","Лёгкое отклонение","Заметный разброс","Выброс","Экстремальный выброс")) -> Норма | AO90: =IF(OR(AC90="",NOT(ISNUMBER(N90))),0,MAX(N90,0)) -> 223 | AP90: =IF(AC90="",0,AC90*AO90) -> -2737.7073 | AQ90: =IF(OR(AC90="",NOT(ISNUMBER(O90))),0,MAX(O90,0)*S90) -> 22269.862 | AR90: =IF(AC90="",0,AC90*AQ90) -> -273400.73
A91: 130904 | B91: Диск тормозной пер. ADVICS | C91: A6F178B | D91: 9982410 | E91: Продукция ADVICS | F91: ДЕТАЛИ ТОРМОЗНОЙ СИСТЕМЫ | G91: Тормозные диски | H91: Стандартные тормозные диски | I91: JPY | J91: 1335.9024 | K91: U2JPY | L91: 4289.193 | M91: (F) TOYOTA COROLLA E120 (00-06) | N91: 223 | O91: 45 | P91: C | Q91: 1883 | R91: 1830.1863 | S91: 3645.814 | T91: 0.49238915 | U91: 813016.53 | V91: 400320.52 | W91: 4608.49 | X91: =1-(S91/W91) -> 0.20889184 | AB91: =A91 -> 130904 | AC91: =IFERROR(IF(OR(NOT(ISNUMBER(S91)),NOT(ISNUMBER(W91))),"",IF(OR(S91<=0,W91<=0),"",(1-S91/W91)*100)),"") -> 20.889184 | AD91: =IF(AC91="","",(MAX(S91,W91)/MIN(S91,W91)-1)*100) -> 26.404966 | AE91: =IF(AC91="","",ABS(W91-S91)) -> 962.67596 | AF91: =IF(AC91="","",IF(AND(AE91<MAX(Расч!$B$11,S91*Расч!$B$12),IF(AD91<Расч!$B$7,0,IF(AD91<Расч!$B$8,1,IF(AD91<Расч!$B$9,2,IF(AD91<Расч!$B$10,3,4))))>1),1,IF(AD91<Расч!$B$7,0,IF(AD91<Расч!$B$8,1,IF(AD91<Расч!$B$9,2,IF(AD91<Расч!$B$10,3,4)))))) -> 0 | AK91: =IF(AC91="","",AC91) -> 20.889184 | AL91: =IF(AE91="","",AE91) -> 962.67596 | AM91: =IF(AF91="","",AF91) -> 0 | AN91: =IF(AM91="","нет данных",CHOOSE(AM91+1,"Норма","Лёгкое отклонение","Заметный разброс","Выброс","Экстремальный выброс")) -> Норма | AO91: =IF(OR(AC91="",NOT(ISNUMBER(N91))),0,MAX(N91,0)) -> 223 | AP91: =IF(AC91="",0,AC91*AO91) -> 4658.2881 | AQ91: =IF(OR(AC91="",NOT(ISNUMBER(O91))),0,MAX(O91,0)*S91) -> 164061.63 | AR91: =IF(AC91="",0,AC91*AQ91) -> 3427113.6
A92: 163781 | B92: Диск тормозной пер. ADVICS | C92: A6F229B | D92: 09B96810 | E92: Продукция ADVICS | F92: ДЕТАЛИ ТОРМОЗНОЙ СИСТЕМЫ | G92: Тормозные диски | H92: Стандартные тормозные диски | I92: JPY | J92: 1924.6052 | K92: U2JPY | L92: 6178.4726 | M92: (F) TOYOTA LAND CRUISER GRJ79L (96-02), LAND CRUISER HZJ105L (98-07) | N92: 218 | O92: 4 | P92: C | Q92: 2794 | R92: 2636.7091 | S92: 5251.7017 | T92: 0.49208083 | U92: 1144871 | V92: 563369.06 | W92: 0
A93: 130900 | B93: Диск тормозной зад. ADVICS | C93: B6R074B | D93: 08A71510 | E93: Продукция ADVICS | F93: ДЕТАЛИ ТОРМОЗНОЙ СИСТЕМЫ | G93: Тормозные диски | H93: Стандартные тормозные диски | I93: JPY | J93: 1537.4751 | K93: U2JPY | L93: 4934.8474 | M93: (R) NISSAN QASHQAI J10 (07-13), TEANA J32 (08-13) | N93: 216 | O93: 4 | P93: C | Q93: 2232 | R93: 2106.3409 | S93: 4194.6203 | T93: 0.49052162 | U93: 906037.98 | V93: 444431.22 | W93: 2763.5 | X93: =1-(S93/W93) -> -0.51786513 | AB93: =A93 -> 130900 | AC93: =IFERROR(IF(OR(NOT(ISNUMBER(S93)),NOT(ISNUMBER(W93))),"",IF(OR(S93<=0,W93<=0),"",(1-S93/W93)*100)),"") -> -51.786513 | AD93: =IF(AC93="","",(MAX(S93,W93)/MIN(S93,W93)-1)*100) -> 51.786513 | AE93: =IF(AC93="","",ABS(W93-S93)) -> 1431.1203 | AF93: =IF(AC93="","",IF(AND(AE93<MAX(Расч!$B$11,S93*Расч!$B$12),IF(AD93<Расч!$B$7,0,IF(AD93<Расч!$B$8,1,IF(AD93<Расч!$B$9,2,IF(AD93<Расч!$B$10,3,4))))>1),1,IF(AD93<Расч!$B$7,0,IF(AD93<Расч!$B$8,1,IF(AD93<Расч!$B$9,2,IF(AD93<Расч!$B$10,3,4)))))) -> 2 | AK93: =IF(AC93="","",AC93) -> -51.786513 | AL93: =IF(AE93="","",AE93) -> 1431.1203 | AM93: =IF(AF93="","",AF93) -> 2 | AN93: =IF(AM93="","нет данных",CHOOSE(AM93+1,"Норма","Лёгкое отклонение","Заметный разброс","Выброс","Экстремальный выброс")) -> Заметный разброс | AO93: =IF(OR(AC93="",NOT(ISNUMBER(N93))),0,MAX(N93,0)) -> 216 | AP93: =IF(AC93="",0,AC93*AO93) -> -11185.887 | AQ93: =IF(OR(AC93="",NOT(ISNUMBER(O93))),0,MAX(O93,0)*S93) -> 16778.481 | AR93: =IF(AC93="",0,AC93*AQ93) -> -868899.03
A94: 156212 | B94: Диск тормозной пер. ADVICS | C94: B6F167B | E94: Продукция ADVICS | F94: ДЕТАЛИ ТОРМОЗНОЙ СИСТЕМЫ | G94: Тормозные диски | H94: Стандартные тормозные диски | I94: JPY | J94: 1738.4956 | K94: U2JPY | L94: 5582.4879 | M94: (F) NISSAN TEANA L33R (13-) | N94: 213 | O94: 25 | P94: C | Q94: 2612 | R94: 2381.739 | S94: 4745.1147 | T94: 0.47144046 | U94: 1010709.4 | V94: 476489.32 | W94: 0
A95: 130931 | B95: Диск тормозной пер. ADVICS | C95: C6F154B | D95: 09B26910 | E95: Продукция ADVICS | F95: ДЕТАЛИ ТОРМОЗНОЙ СИСТЕМЫ | G95: Тормозные диски | H95: Стандартные тормозные диски | I95: JPY | J95: 1758.929 | K95: U2JPY | L95: 6374.6002 | M95: (F) HONDA ACCORD CU / CP (08-13) | N95: 212 | O95: 5 | P95: C | Q95: 2576 | R95: 2409.7327 | S95: 5418.4102 | T95: 0.54592005 | U95: 1148703 | V95: 627099.98 | W95: 0
A96: 1855008 | B96: Диск тормозной пер. ADVICS | C96: A6F1058B | E96: Продукция ADVICS | F96: ДЕТАЛИ ТОРМОЗНОЙ СИСТЕМЫ | G96: Тормозные диски | H96: Стандартные тормозные диски | I96: JPY | J96: 1620.3132 | K96: U2JPY | L96: 4791.283 | M96: (F) TOYOTA COROLLA #E21#; YARIS 2020- | N96: 208 | O96: 11 | P96: C | Q96: 2207 | R96: 2219.8291 | S96: 4072.5906 | T96: 0.45987584 | U96: 847098.84 | V96: 389560.29 | W96: 0
A97: 170272 | B97: Диск тормозной зад. ADVICS | C97: A6R421B | E97: Продукция ADVICS | F97: ДЕТАЛИ ТОРМОЗНОЙ СИСТЕМЫ | G97: Тормозные диски | H97: Стандартные тормозные диски | I97: JPY | J97: 1846.1851 | K97: U2JPY | L97: 5926.1863 | M97: (R) TOYOTA LAND CRUISER J80 (90-98) | N97: 206 | O97: 26 | P97: C | Q97: 2635 | R97: 2529.2736 | S97: 5037.2584 | T97: 0.49948613 | U97: 1037675.2 | V97: 518304.38 | W97: 0
A98: 156225 | B98: Диск тормозной зад. ADVICS | C98: B6R196B | D98: 09C92911 | E98: Продукция ADVICS | F98: ДЕТАЛИ ТОРМОЗНОЙ СИСТЕМЫ | G98: Тормозные диски | H98: Стандартные тормозные диски | I98: JPY | J98: 1510.9669 | K98: U2JPY | L98: 4851.3969 | M98: (R) NISSAN X-TRAIL T32R (14-) | N98: 203 | O98: 9 | P98: C | Q98: 2179 | R98: 2070.0247 | S98: 4123.6873 | T98: 0.49533904 | U98: 837108.53 | V98: 414652.54 | W98: 0
A99: 1855012 | B99: Диск тормозной зад. ADVICS | C99: D6R1020B | E99: Продукция ADVICS | F99: ДЕТАЛИ ТОРМОЗНОЙ СИСТЕМЫ | G99: Тормозные диски | H99: Стандартные тормозные диски | I99: JPY | J99: 2098.5652 | K99: U2JPY | L99: 6205.4391 | M99: (R) MITSUBISHI L200 KS# 2015- | N99: 202 | O99: 2 | P99: C | Q99: 2954 | R99: 2875.0343 | S99: 5274.6232 | T99: 0.4625455 | U99: 1065473.9 | V99: 492830.15 | W99: 0
A100: 130884 | B100: Диск тормозной пер. ADVICS | C100: B6F131B | D100: 09A11310 | E100: Продукция ADVICS | F100: ДЕТАЛИ ТОРМОЗНОЙ СИСТЕМЫ | G100: Тормозные диски | H100: Стандартные тормозные диски | I100: JPY | J100: 1723.0325 | K100: U2JPY | L100: 5530.815 | M100: (F) NISSAN TEANA J32 (08-13) | N100: 191 | O100: 8 | P100: C | Q100: 2488 | R100: 2360.5545 | S100: 4701.1928 | T100: 0.49339612 | U100: 897927.82 | V100: 443034.1 | W100: 0
...

Sheet PriceAnalysisSettings
A1: SRC_SHEET | B1: Отчет
A2: COL_OWN | B2: 19
A3: COL_C1 | B3: 23
A4: HAS_C2 | B4: FALSE
A5: COL_C2 | B5: 0
A6: HAS_CAT | B6: TRUE
A7: COL_CAT | B7: 16
A8: HAS_SALES | B8: TRUE
A9: COL_SALES | B9: 14
A10: FIRST_ROW | B10: 3
A11: HAS_STOCK | B11: TRUE
A12: COL_STOCK | B12: 15
A13: HAS_CODE | B13: TRUE
A14: COL_CODE | B14: 1

Sheet Расч
A1: МЕТОДИЧКА: как считается анализ цен конкурентов
A2: Лист-источник: Отчет Строк в расчёте: 338 Пересчитано: 05.09.2026 13:22
A3: ПАРАМЕТРЫ РАСЧЁТА - эти ячейки можно менять руками, все формулы пересчитаются
A4: Медиана Ratio по выборке, % | B4: 16.673
A5: MAD (медианное абсолютное отклонение), % | B5: 8.358
A6: MADn = MAD x 1.4826, % | B6: 12.392
A7: Порог T1: Норма / Лёгкое отклонение, % | B7: 29.065
A8: Порог T2: Лёгкое / Заметный разброс, % | B8: 41.457
A9: Порог T3: Заметный / Выброс, % | B9: 53.849
A10: Порог T4: Выброс / Экстремальный, % | B10: 78.632
A11: Минимальная значимая разница, руб | B11: 300
A12: Минимальная значимая разница, доля от нашей цены | B12: 0.05
A13: Полоса паритета (плюс-минус), % | B13: 3

Sheet Сводка по брендам
A1: Показатель | B1: Brambo, %
A2: Среднее отклонение (все позиции), % | B2: =IFERROR(AVERAGE(Отчет!$AC$3:$AC$340),"нет данных") -> 0.27333014
A3: Отклонение по категории A (все позиции), % | B3: =IFERROR(AVERAGEIFS(Отчет!$AC$3:$AC$340,Отчет!$P$3:$P$340,"A"),"нет данных") -> 8.8911129
A4: Отклонение по категории B (все позиции), % | B4: =IFERROR(AVERAGEIFS(Отчет!$AC$3:$AC$340,Отчет!$P$3:$P$340,"B"),"нет данных") -> -2.8392112
A5: Отклонение по категории C (все позиции), % | B5: =IFERROR(AVERAGEIFS(Отчет!$AC$3:$AC$340,Отчет!$P$3:$P$340,"C"),"нет данных") -> 0.52024354
A6: Среднее без выбросов (мягкая очистка), % | B6: =IFERROR(AVERAGEIFS(Отчет!$AC$3:$AC$340,Отчет!$AF$3:$AF$340,"<>4"),"нет данных") -> -3.1279257
A7: Отклонение по категории A (мягкая), % | B7: =IFERROR(AVERAGEIFS(Отчет!$AC$3:$AC$340,Отчет!$P$3:$P$340,"A",Отчет!$AF$3:$AF$340,"<>4"),"нет данных") -> 8.8911129
A8: Отклонение по категории B (мягкая), % | B8: =IFERROR(AVERAGEIFS(Отчет!$AC$3:$AC$340,Отчет!$P$3:$P$340,"B",Отчет!$AF$3:$AF$340,"<>4"),"нет данных") -> -2.8392112
A9: Отклонение по категории C (мягкая), % | B9: =IFERROR(AVERAGEIFS(Отчет!$AC$3:$AC$340,Отчет!$P$3:$P$340,"C",Отчет!$AF$3:$AF$340,"<>4"),"нет данных") -> -4.2990108
A10: Среднее без выбросов (грубая очистка), % | B10: =IFERROR(AVERAGEIFS(Отчет!$AC$3:$AC$340,Отчет!$AF$3:$AF$340,"<2"),"нет данных") -> -4.1294647
A11: Отклонение по категории A (грубая), % | B11: =IFERROR(AVERAGEIFS(Отчет!$AC$3:$AC$340,Отчет!$P$3:$P$340,"A",Отчет!$AF$3:$AF$340,"<2"),"нет данных") -> 1.0653527
A12: Отклонение по категории B (грубая), % | B12: =IFERROR(AVERAGEIFS(Отчет!$AC$3:$AC$340,Отчет!$P$3:$P$340,"B",Отчет!$AF$3:$AF$340,"<2"),"нет данных") -> -4.7423372
A13: Отклонение по категории C (грубая), % | B13: =IFERROR(AVERAGEIFS(Отчет!$AC$3:$AC$340,Отчет!$P$3:$P$340,"C",Отчет!$AF$3:$AF$340,"<2"),"нет данных") -> -4.3283946
A14: Сигма (стандартное отклонение), % | B14: =IFERROR(STDEV(Отчет!$AC$3:$AC$340),"нет данных") -> 27.011255
A15: Медиана отклонения, % | B15: =IFERROR(MEDIAN(Отчет!$AC$3:$AC$340),"нет данных") -> -2.1707535
A16: Средневзвешенное отклонение (по продажам), % | B16: =IF(SUM(Отчет!$AO$3:$AO$340)=0,"нет данных",SUM(Отчет!$AP$3:$AP$340)/SUM(Отчет!$AO$3:$AO$340)) -> -1.7731275
A17: Средневзвешенное отклонение (по остаткам), % | B17: =IF(SUM(Отчет!$AQ$3:$AQ$340)=0,"нет данных",SUM(Отчет!$AR$3:$AR$340)/SUM(Отчет!$AQ$3:$AQ$340)) -> 6.867178
A19: ПОЗИЦИОНИРОВАНИЕ | B19: 10
A21: Позиций в расчёте, шт | B21: =COUNT(Отчет!$AC$3:$AC$340) -> 89
A22: Доля позиций, где мы дешевле, % | B22: =IF(B21=0,"нет данных",COUNTIF(Отчет!$AC$3:$AC$340,">"&Расч!$B$13)/B21*100) -> 42.696629
A23: Доля позиций, где мы дороже, % | B23: =IF(B21=0,"нет данных",COUNTIF(Отчет!$AC$3:$AC$340,"<-"&Расч!$B$13)/B21*100) -> 49.438202
A24: Доля позиций в паритете, % | B24: =IF(B21=0,"нет данных",100-B22-B23) -> 7.8651685
A25: Доля позиций с серьёзным расхождением (Выброс и выше), % | B25: =IF(B21=0,"нет данных",COUNTIF(Отчет!$AF$3:$AF$340,">=3")/B21*100) -> 12.359551
A26: Деньги в остатках по таким позициям, руб | B26: =IF(SUM(Отчет!$AQ$3:$AQ$340)=0,"нет данных",SUMIFS(Отчет!$AQ$3:$AQ$340,Отчет!$AF$3:$AF$340,">=3")) -> 2104921.2
